id,bedrooms,bathrooms,sqft_living,sqft_lot,floors,waterfront,view,condition,grade,sqft_above,sqft_basement,yr_built,yr_renovated,zipcode,lat,long,sqft_living15,sqft_lot15,selling_price,selling_date,most_recent_activity,lively_cluster,sqft_footprint,lot_to_footprint_ratio,density_cluster,central_dense,price_per_sqft,zip_median_price_per_sqft,deal_vs_zip,dense_neighbors,area_recency,km_to_downtown,score_deal_vs_zip,score_dense_neighbors,score_grade,rating
3126049436,3,2.5,1710,1296,3.0,False,0.0,3,8,1510,200,2004,,98103,47.6963,-122.342,1610,1282,416000.0,2014-09-12,2004.0,high-high,503.3333333333333,2.5748344370860927,low-low,True,243.2748538011696,360.4703998615198,0.3932179550400032,39,1991.9333333333334,9.629492300080011,9.8,8.4,4.0,8.2
9828701608,3,2.5,1740,2350,2.0,False,0.0,3,8,1120,620,1996,,98112,47.6206,-122.297,1750,3802,525000.0,2014-09-15,1996.0,high-high,560.0,4.196428571428571,low-low,True,301.7241379310345,424.24242424242425,0.3407918977657293,43,1977.888888888889,3.598335498684698,9.6,8.8,4.0,8.2
9267200062,3,2.5,1260,1211,3.0,False,0.0,3,8,1260,0,2004,,98103,47.6969,-122.343,1270,1211,336000.0,2014-09-11,2004.0,high-high,420.0,2.8833333333333333,low-low,True,266.6666666666667,360.4703998615198,0.3014104057868804,43,1994.0625,9.696382759329593,9.4,8.8,4.0,8.1
9267200226,3,2.5,1770,1235,3.0,False,0.0,3,8,1600,170,2007,,98103,47.6965,-122.342,1680,1203,436110.0,2014-05-02,2007.0,high-high,533.3333333333334,2.315625,low-low,True,246.38983050847457,360.4703998615198,0.3804948862660926,38,1992.860465116279,9.651731258514452,9.7,8.2,4.0,8.1
4310702876,2,2.5,1780,1311,3.0,False,0.0,3,8,1350,430,2005,,98103,47.6962,-122.34,1390,1227,398500.0,2014-11-03,2005.0,high-high,450.0,2.9133333333333336,low-low,True,223.87640449438203,360.4703998615198,0.4763157108604221,36,1992.8837209302326,9.619772656717,10.0,7.9,4.0,8.1
3630110370,3,2.5,2140,3821,2.0,False,0.0,3,8,2140,0,2005,,98029,47.5541,-121.995,2860,3841,420000.0,2014-06-24,2005.0,high-high,1070.0,3.5710280373831775,low-low,True,196.26168224299064,271.42857142857144,0.32425013385556484,41,2008.4651162790697,26.76550206890641,9.6,8.6,4.0,8.1
993000315,3,3.25,1380,1234,3.0,False,0.0,3,8,1380,0,2006,,98103,47.6935,-122.342,1370,1282,379000.0,2014-10-02,2006.0,high-high,460.0,2.6826086956521737,low-low,True,274.6376811594203,360.4703998615198,0.271957138873385,45,1986.8620689655172,9.318146895469823,9.0,9.0,4.0,8.0
9828702389,3,2.5,1580,1161,2.0,False,0.0,3,8,1010,570,2008,,98112,47.6206,-122.299,1680,1177,525000.0,2014-05-13,2008.0,high-high,505.0,2.299009900990099,low-low,True,332.27848101265823,424.24242424242425,0.24433163157816712,48,1979.5862068965516,3.4575498227935046,8.7,9.4,4.0,8.0
8929000270,3,2.5,2010,2287,2.0,False,0.0,3,8,1390,620,2014,,98029,47.5517,-121.998,1690,1662,453246.0,2014-05-12,2014.0,high-high,695.0,3.2906474820143883,low-low,True,225.4955223880597,271.42857142857144,0.18539871372586675,50,2008.0,26.61061388893792,8.0,9.9,4.0,7.9
4310702858,3,2.5,1570,1551,3.0,False,0.0,3,8,1570,0,2008,,98103,47.6961,-122.341,1570,1705,414950.0,2014-10-15,2008.0,high-high,523.3333333333334,2.9636942675159235,low-low,True,264.29936305732485,360.4703998615198,0.31032743310245775,37,1995.0232558139535,9.607662121596888,9.5,8.1,4.0,7.9
9828702265,3,2.5,1480,1171,3.0,False,0.0,3,8,1480,0,2006,,98112,47.62,-122.3,1480,1231,500000.0,2014-05-06,2006.0,high-high,493.3333333333333,2.3736486486486488,low-low,True,337.8378378378378,424.24242424242425,0.22773903648474747,48,1985.0363636363636,3.364173531281264,8.5,9.4,4.0,7.9
993000307,3,2.0,1270,1323,3.0,False,0.0,3,8,1270,0,2006,,98103,47.6934,-122.342,1330,1323,360000.0,2014-05-23,2006.0,high-high,423.3333333333333,3.125196850393701,low-low,True,283.46456692913387,360.4703998615198,0.2403227138070423,44,1986.5263157894738,9.307027417216226,8.7,8.9,4.0,7.8
8929000290,3,2.5,1690,1618,2.0,False,0.0,3,8,1150,540,2014,,98029,47.5518,-121.998,1690,1618,372977.0,2014-05-14,2014.0,high-high,575.0,2.813913043478261,low-low,True,220.69644970414203,271.42857142857144,0.20691078948996797,48,2008.1538461538462,26.60789726639815,8.2,9.4,4.0,7.8
3126049517,3,2.5,1540,1614,3.0,False,0.0,3,8,1470,70,2008,,98103,47.6961,-122.341,1540,1418,413450.0,2014-05-08,2008.0,high-high,490.0,3.293877551020408,low-low,True,268.47402597402595,360.4703998615198,0.2946556730440602,37,1995.0232558139535,9.607662121596888,9.3,8.1,4.0,7.8
993001961,3,2.25,1390,1484,3.0,False,0.0,3,8,1390,0,2007,,98103,47.6912,-122.343,1250,1087,374950.0,2014-07-09,2007.0,high-high,463.3333333333333,3.2028776978417266,low-low,True,269.7482014388489,360.4703998615198,0.28992090818190003,37,1980.4,9.062584648383734,9.3,8.1,4.0,7.8
4310702837,3,3.25,1370,1227,3.0,False,0.0,3,8,1370,0,2007,,98103,47.6964,-122.341,1370,1236,375000.0,2014-12-01,2007.0,high-high,456.6666666666667,2.686861313868613,low-low,True,273.7226277372263,360.4703998615198,0.2752945586563209,36,1995.8536585365853,9.641019142366455,9.2,7.9,4.0,7.7
993000327,3,2.0,1270,1320,3.0,False,0.0,3,8,1270,0,2006,,98103,47.6937,-122.342,1370,1320,369950.0,2014-05-06,2006.0,high-high,423.3333333333333,3.1181102362204727,low-low,True,291.2992125984252,360.4703998615198,0.21305888388563815,47,1988.1666666666667,9.340385852079947,8.3,9.2,4.0,7.7
9828701605,3,2.5,1740,2350,2.0,False,0.0,3,8,1130,610,1995,,98112,47.6207,-122.297,1740,3201,585000.0,2014-10-02,1995.0,high-high,565.0,4.15929203539823,low-low,True,336.2068965517241,424.24242424242425,0.2325783131254966,43,1977.888888888889,3.6020930371661173,8.6,8.8,4.0,7.7
8929000040,3,2.5,2010,2778,2.0,False,0.0,3,8,1390,620,2014,,98029,47.5528,-121.999,1540,1689,462608.0,2014-08-20,2014.0,high-high,695.0,3.9971223021582736,low-low,True,230.15323383084578,271.42857142857144,0.1649536949642464,49,2008.2884615384614,26.50812771920755,7.7,9.7,4.0,7.7
993002177,3,2.5,1380,1547,3.0,False,0.0,3,8,1380,0,2000,,98103,47.6908,-122.341,1380,1465,345000.0,2015-05-06,2000.0,high-high,460.0,3.3630434782608694,low-low,True,250.0,360.4703998615198,0.36594892692445163,33,1983.0434782608695,9.018356532190355,9.6,7.2,4.0,7.7
3278604510,3,2.5,1800,2790,2.0,False,0.0,3,8,1800,0,2011,,98126,47.5455,-122.371,1580,2036,364000.0,2014-06-25,2011.0,high-high,900.0,3.1,low-low,True,202.22222222222223,274.4500239120038,0.30540197938826785,34,2004.837837837838,7.458432856040236,9.4,7.5,4.0,7.7
9828702310,2,1.5,1295,1093,2.0,False,0.0,3,9,1105,190,2007,,98112,47.6192,-122.299,1295,1413,487028.0,2014-06-11,2007.0,high-high,552.5,1.9782805429864254,low-low,True,376.08339768339766,424.24242424242425,0.12049412598606353,46,1984.4259259259259,3.40614251135567,7.0,9.1,7.0,7.7
993000950,2,1.5,1110,1200,3.0,False,0.0,3,8,1110,0,2000,,98103,47.6931,-122.342,1110,1363,320000.0,2014-09-06,2000.0,high-high,370.0,3.2432432432432434,low-low,True,288.2882882882883,360.4703998615198,0.22344886431716862,41,1984.4545454545455,9.273668982663498,8.5,8.6,4.0,7.6
8929000350,3,2.5,2010,2212,2.0,False,0.0,3,8,1390,620,2014,,98029,47.5523,-121.998,1690,1619,472217.0,2014-08-04,2014.0,high-high,695.0,3.1827338129496403,low-low,True,234.93383084577115,271.42857142857144,0.14439511247263845,50,2008.1509433962265,26.594379729140968,7.5,9.9,4.0,7.6
9524100050,3,1.75,1255,1113,3.0,False,0.0,3,8,1255,0,2010,,98103,47.6958,-122.343,1010,1038,360000.0,2014-12-22,2010.0,high-high,418.3333333333333,2.6605577689243027,low-low,True,286.85258964143424,360.4703998615198,0.22844138592028979,40,1989.3541666666667,9.574070709451755,8.5,8.6,4.0,7.6
4310702787,3,3.0,1430,1249,3.0,False,0.0,3,8,1430,0,2003,,98103,47.6971,-122.34,1020,1112,335000.0,2014-07-17,2003.0,high-high,476.6666666666667,2.6202797202797203,low-low,True,234.26573426573427,360.4703998615198,0.43095375723344753,31,1995.0882352941176,9.71983353378028,9.9,6.7,4.0,7.6
9828702251,3,2.5,1640,1269,3.0,False,0.0,3,8,1640,0,2009,,98112,47.6197,-122.3,1590,1231,579000.0,2014-06-23,2009.0,high-high,546.6666666666666,2.321341463414634,low-low,True,353.0487804878049,424.24242424242425,0.18369881139402727,47,1982.9473684210527,3.352972159542503,8.0,9.2,4.0,7.6
8929000280,3,2.5,1690,1613,2.0,False,0.0,3,8,1150,540,2014,,98029,47.5518,-121.998,1690,1662,386591.0,2014-05-19,2014.0,high-high,575.0,2.805217391304348,low-low,True,228.75207100591717,271.42857142857144,0.17106025840679118,48,2008.1538461538462,26.60789726639815,7.8,9.4,4.0,7.6
9267200345,2,2.5,1175,1366,2.0,False,0.0,3,8,740,435,2005,,98103,47.6962,-122.342,1710,1255,342000.0,2014-06-02,2005.0,high-high,370.0,3.691891891891892,low-low,True,291.06382978723406,360.4703998615198,0.21386725532021517,39,1991.9333333333334,9.618372820908368,8.3,8.4,4.0,7.5
993001976,3,2.25,1250,871,3.0,False,0.0,3,8,1250,0,2007,,98103,47.6907,-122.343,1250,1158,344000.0,2014-08-18,2007.0,high-high,416.6666666666667,2.0904,low-low,True,275.2,360.4703998615198,0.2699117387275096,34,1976.659574468085,9.00698840994958,9.0,7.5,4.0,7.5
993001563,3,2.25,1280,959,3.0,False,0.0,3,8,1280,0,2005,,98103,47.6914,-122.343,1130,1126,355000.0,2014-05-22,2005.0,high-high,426.6666666666667,2.24765625,low-low,True,277.34375,360.4703998615198,0.26215213324280817,35,1983.659574468085,9.084823147954452,8.9,7.7,4.0,7.5
8929000380,3,2.5,2010,2386,2.0,False,0.0,3,8,1390,620,2014,,98029,47.5525,-121.998,1690,1870,479990.0,2014-08-05,2014.0,high-high,695.0,3.433093525179856,low-low,True,238.80099502487562,271.42857142857144,0.1280684678186166,50,2008.1509433962265,26.58900334099318,7.2,9.9,4.0,7.5
993001914,3,2.25,1250,1033,3.0,False,0.0,3,8,1250,0,2007,,98103,47.6907,-122.343,1250,1150,344000.0,2015-01-06,2007.0,high-high,416.6666666666667,2.4792,low-low,True,275.2,360.4703998615198,0.2699117387275096,34,1976.659574468085,9.00698840994958,9.0,7.5,4.0,7.5
9828702262,3,2.25,1360,1236,2.0,False,0.0,3,8,1140,220,2006,,98112,47.6198,-122.299,1620,1231,500000.0,2014-07-24,2006.0,high-high,570.0,2.168421052631579,low-low,True,367.6470588235294,424.24242424242425,0.1431816484566844,48,1981.6724137931035,3.4274029209588606,7.4,9.4,4.0,7.5
9126100850,5,2.0,2280,3600,2.0,False,0.0,3,7,2280,0,1992,,98122,47.6056,-122.305,1740,1800,534000.0,2014-11-20,1992.0,high-high,1140.0,3.1578947368421053,low-low,True,234.21052631578948,356.65223144472515,0.42054076939007673,37,1963.7555555555555,2.8258293083967745,9.9,8.1,1.0,7.5
9826700726,3,2.5,1995,1483,3.0,False,0.0,3,8,1760,235,2005,,98102,47.6025,-122.31,1520,1173,505000.0,2014-10-06,2005.0,high-high,586.6666666666666,2.527840909090909,low-low,True,253.1328320802005,406.3637714540456,0.4733343683129044,28,1976.9722222222222,2.5433377052062416,10.0,6.0,4.0,7.4
1934800133,3,2.5,1470,1256,2.0,False,0.0,3,8,930,540,2006,,98122,47.6033,-122.309,1510,1797,397500.0,2014-07-11,2006.0,high-high,465.0,2.7010752688172044,low-low,True,270.40816326530614,356.65223144472515,0.27682863208018055,32,1977.0,2.588731647545677,9.2,6.9,4.0,7.4
263000253,3,2.25,1550,1485,3.0,False,0.0,3,8,1550,0,2011,,98103,47.6989,-122.346,1550,1480,380000.0,2015-03-30,2011.0,high-high,516.6666666666666,2.874193548387097,low-low,True,245.16129032258064,360.4703998615198,0.3854935229974219,29,1984.9565217391305,9.922670411556172,9.7,6.3,4.0,7.4
8929000330,3,2.5,1690,1609,2.0,False,0.0,3,8,1150,540,2014,,98029,47.5521,-121.998,1690,1860,404763.0,2014-07-29,2014.0,high-high,575.0,2.7982608695652176,low-low,True,239.50473372781065,271.42857142857144,0.1251258344005239,48,2008.2549019607843,26.599773623617164,7.1,9.4,4.0,7.3
477000019,3,2.25,1750,1879,3.0,False,0.0,3,8,1750,0,2001,,98107,47.6722,-122.391,1750,3155,525000.0,2014-06-20,2001.0,high-high,583.3333333333334,3.221142857142857,low-low,True,300.0,372.80056759545926,0.2172611306740848,35,1973.0208333333333,7.852721221058146,8.4,7.7,4.0,7.3
993000873,3,2.0,1270,1348,3.0,False,0.0,3,8,1270,0,2003,,98103,47.6929,-122.342,1180,1360,380500.0,2015-03-18,2003.0,high-high,423.3333333333333,3.184251968503937,low-low,True,299.6062992125984,360.4703998615198,0.1849405679554575,39,1984.3333333333333,9.251430026468578,8.0,8.4,4.0,7.3
3278603000,3,3.0,2440,2076,2.0,False,0.0,3,8,1930,510,2006,,98126,47.5476,-122.37,2440,2310,459000.0,2015-05-04,2006.0,high-high,965.0,2.1512953367875647,low-low,True,188.11475409836066,274.4500239120038,0.37771701136745484,28,2006.3030303030303,7.213195609819914,9.7,6.0,4.0,7.3
8929000360,3,2.5,1690,1613,2.0,False,0.0,3,8,1150,540,2014,,98029,47.5524,-121.998,1690,1619,413565.0,2014-08-05,2014.0,high-high,575.0,2.805217391304348,low-low,True,244.7130177514793,271.42857142857144,0.10361284824467888,50,2008.1509433962265,26.591689346111668,6.6,9.9,4.0,7.2
993001332,3,2.25,1430,1448,3.0,False,0.0,3,8,1430,0,2005,,98103,47.6916,-122.341,1430,1383,407000.0,2014-09-03,2005.0,high-high,476.6666666666667,3.0377622377622377,low-low,True,284.61538461538464,360.4703998615198,0.23627110361591894,33,1985.0227272727273,9.107308091032053,8.6,7.2,4.0,7.2
993000308,3,2.0,1270,1333,3.0,False,0.0,3,8,1270,0,2006,,98103,47.6933,-122.342,1330,1333,401000.0,2015-03-18,2006.0,high-high,423.3333333333333,3.1488188976377955,low-low,True,315.748031496063,360.4703998615198,0.13246531795062874,43,1986.2142857142858,9.295907938997107,7.3,8.8,4.0,7.2
993001342,3,2.25,1430,1383,3.0,False,0.0,3,8,1430,0,2005,,98103,47.6917,-122.341,1430,1347,397500.0,2014-08-08,2005.0,high-high,476.6666666666667,2.901398601398601,low-low,True,277.97202797202794,360.4703998615198,0.2598893549641276,32,1985.4761904761904,9.11842704189883,8.8,6.9,4.0,7.2
4310702838,3,1.5,1290,1213,3.0,False,0.0,3,8,1290,0,2007,,98103,47.6965,-122.34,1360,1227,375000.0,2015-04-27,2007.0,high-high,430.0,2.8209302325581396,low-low,True,290.69767441860466,360.4703998615198,0.21512603718986803,34,1993.525,9.653126248871065,8.4,7.5,4.0,7.2
263000325,3,2.5,1430,1002,3.0,False,0.0,3,8,1430,0,2002,,98103,47.698,-122.349,1430,1530,349000.0,2014-06-11,2002.0,high-high,476.6666666666667,2.102097902097902,low-low,True,244.05594405594405,360.4703998615198,0.39001236685608687,27,1983.7391304347825,9.83171385947067,9.8,5.7,4.0,7.2
993002247,3,2.25,1550,1469,3.0,False,0.0,3,8,1550,0,2004,,98103,47.6911,-122.341,1520,1465,430000.0,2014-07-16,2004.0,high-high,516.6666666666666,2.843225806451613,low-low,True,277.4193548387097,360.4703998615198,0.26187956703024523,31,1983.4545454545455,9.051713356661802,8.9,6.7,4.0,7.1
263000255,3,2.25,1540,1561,3.0,False,0.0,3,8,1540,0,2010,,98103,47.6991,-122.346,1540,1547,375000.0,2014-12-02,2010.0,high-high,513.3333333333334,3.0409090909090906,low-low,True,243.5064935064935,360.4703998615198,0.39226623524182497,26,1982.3488372093022,9.944900250886514,9.8,5.3,4.0,7.1
263000018,3,2.5,1530,1131,3.0,False,0.0,3,8,1530,0,2009,,98103,47.6993,-122.346,1530,1509,360000.0,2014-05-21,2009.0,high-high,510.0,2.2176470588235295,low-low,True,235.2941176470588,360.4703998615198,0.42657354874088654,26,1981.6046511627908,9.967130131022836,9.9,5.3,4.0,7.1
4310701421,2,2.5,1260,1347,3.0,False,0.0,3,8,1260,0,2005,,98103,47.6994,-122.341,1260,1356,350000.0,2014-06-17,2005.0,high-high,420.0,3.2071428571428573,low-low,True,277.77777777777777,360.4703998615198,0.26058841126662546,31,1996.0,9.974589886134028,8.8,6.7,4.0,7.1
9126100813,3,2.25,1620,1062,3.0,False,0.0,3,8,1620,0,2014,,98122,47.6051,-122.304,1560,1728,490000.0,2014-08-28,2014.0,high-high,540.0,1.9666666666666666,low-low,True,302.4691358024691,356.65223144472515,0.1647819235235428,37,1961.2954545454545,2.909112927956414,7.7,8.1,4.0,7.1
8929000030,3,2.5,1690,1689,2.0,False,0.0,3,8,1150,540,2014,,98029,47.5528,-121.999,1540,1689,419990.0,2014-08-21,2014.0,high-high,575.0,2.937391304347826,low-low,True,248.5147928994083,271.42857142857144,0.08819664356404748,49,2008.2884615384614,26.50812771920755,6.5,9.7,4.0,7.1
9126100487,3,3.0,1500,1473,2.0,False,0.0,3,8,1120,380,2000,,98122,47.6063,-122.305,1720,1976,408000.0,2014-08-13,2000.0,high-high,560.0,2.630357142857143,low-low,True,272.0,356.65223144472515,0.270959099087925,29,1967.157894736842,2.8143017892172635,9.0,6.3,4.0,7.1
263000329,3,2.5,1420,1162,3.0,False,0.0,3,8,1420,0,2002,,98103,47.6982,-122.349,1430,1560,349950.0,2014-10-08,2002.0,high-high,473.3333333333333,2.454929577464789,low-low,True,246.44366197183098,360.4703998615198,0.3802764292643188,26,1982.3260869565217,9.85392299959621,9.7,5.3,4.0,7.0
5416510060,4,2.5,2960,6219,2.0,False,0.0,3,9,2960,0,2006,,98038,47.3603,-122.037,2960,5361,367000.0,2015-03-06,2006.0,high-high,1480.0,4.202027027027027,low-low,True,123.98648648648648,170.92592592592592,0.32105770121402216,20,2002.638888888889,35.98640672965473,9.5,3.9,7.0,7.0
993002127,3,2.25,1480,1384,3.0,False,0.0,3,8,1480,0,2008,,98103,47.691,-122.342,1310,1329,436000.0,2015-02-23,2008.0,high-high,493.3333333333333,2.8054054054054056,low-low,True,294.5945945945946,360.4703998615198,0.20180968921368753,33,1983.6222222222223,9.040159949768128,8.1,7.2,4.0,7.0
3630080070,3,2.5,1500,2255,2.0,False,0.0,3,7,1500,0,2005,,98029,47.5538,-121.997,1440,2040,348000.0,2014-07-10,2005.0,high-high,750.0,3.006666666666667,low-low,True,232.0,271.42857142857144,0.15696164443290864,49,2008.2941176470588,26.627411226031008,7.6,9.7,1.0,7.0
993000136,3,2.25,1540,1270,3.0,False,0.0,3,7,1540,0,2014,,98103,47.6935,-122.341,1230,1454,449950.0,2014-10-07,2014.0,high-high,513.3333333333334,2.474025974025974,low-low,True,292.1753246753247,360.4703998615198,0.21005579573227828,43,1985.5714285714287,9.318568378611602,8.2,8.8,1.0,7.0
3278611600,3,2.5,1800,2791,2.0,False,0.0,3,8,1800,0,2011,,98126,47.5442,-122.371,1580,2617,379900.0,2014-07-14,2011.0,high-high,900.0,3.101111111111111,low-low,True,211.05555555555554,274.4500239120038,0.2626477868314288,29,2005.09375,7.596912731364679,8.9,6.3,4.0,7.0
3278602760,2,2.5,1770,1853,3.0,False,0.0,3,8,1770,0,2007,,98126,47.5472,-122.371,1770,1924,369900.0,2015-02-03,2007.0,high-high,590.0,3.140677966101695,low-low,True,208.98305084745763,274.4500239120038,0.27251602987021906,28,2006.21875,7.2777001970796675,9.1,6.0,4.0,7.0
3278611610,3,2.5,1800,2792,2.0,False,0.0,3,8,1800,0,2011,,98126,47.5442,-122.371,1580,2617,379900.0,2014-09-07,2011.0,high-high,900.0,3.102222222222222,low-low,True,211.05555555555554,274.4500239120038,0.2626477868314288,29,2005.09375,7.596912731364679,8.9,6.3,4.0,7.0
263000006,3,2.5,1530,1131,3.0,False,0.0,3,8,1530,0,2009,,98103,47.6993,-122.346,1530,1445,375000.0,2014-12-16,2009.0,high-high,510.0,2.2176470588235295,low-low,True,245.09803921568627,360.4703998615198,0.3857515542206314,26,1981.6046511627908,9.967130131022836,9.8,5.3,4.0,7.0
263000327,3,2.5,1460,1319,3.0,False,0.0,3,8,1460,0,2002,,98103,47.698,-122.349,1430,1530,400000.0,2015-02-27,2002.0,high-high,486.6666666666667,2.7102739726027396,low-low,True,273.972602739726,360.4703998615198,0.27438173339896116,27,1983.7391304347825,9.83171385947067,9.1,5.7,4.0,6.9
567000401,4,2.5,2100,1397,3.0,False,0.0,3,8,1580,520,2008,,98144,47.5928,-122.295,1490,1201,546000.0,2015-04-21,2008.0,high-high,526.6666666666666,2.6525316455696206,low-low,True,260.0,302.63157894736844,0.15183452360942798,35,1987.32,4.006913598048391,7.6,7.7,4.0,6.9
9126100765,3,1.75,1320,1014,3.0,False,0.0,3,9,1320,0,2015,,98122,47.6047,-122.305,1380,1495,455000.0,2014-08-01,2015.0,high-high,440.0,2.3045454545454547,low-low,True,344.6969696969697,356.65223144472515,0.034095483031251435,41,1969.936170212766,2.8437139119237913,5.4,8.6,7.0,6.9
9828702518,2,2.25,1230,932,2.0,False,0.0,3,8,1020,210,2004,,98112,47.6192,-122.301,1230,1064,479000.0,2014-06-17,2004.0,high-high,510.0,1.8274509803921568,low-low,True,389.4308943089431,424.24242424242425,0.08561861910432635,47,1985.9811320754718,3.2639489246752595,6.4,9.2,4.0,6.9
4310703083,3,2.0,1220,1186,3.0,False,0.0,3,8,1220,0,2007,,98103,47.6972,-122.341,1280,1251,355000.0,2014-05-23,2007.0,high-high,406.6666666666667,2.9163934426229505,low-low,True,290.9836065573771,360.4703998615198,0.2141429140564474,31,1992.8285714285714,9.72997124660163,8.3,6.7,4.0,6.9
2767600673,3,2.5,1450,1053,2.0,False,0.0,3,8,940,510,2008,,98107,47.6754,-122.374,1410,1080,460000.0,2014-07-01,2008.0,high-high,470.0,2.2404255319148936,low-low,True,317.2413793103448,372.80056759545926,0.16138067227962824,35,1967.2941176470588,7.684153764233696,7.7,7.7,4.0,6.9
567000408,3,2.5,1495,936,3.0,False,0.0,3,8,1405,90,2006,,98144,47.593,-122.295,1495,1186,400000.0,2014-06-02,2006.0,high-high,468.3333333333333,1.9985765124555162,low-low,True,267.55852842809367,302.63157894736844,0.12317781435962347,36,1989.04,3.9965260588512397,7.1,7.9,4.0,6.8
4310701577,3,3.25,1410,1253,3.0,False,0.0,3,8,1410,0,2005,,98103,47.6981,-122.34,1410,1253,382000.0,2014-05-09,2005.0,high-high,470.0,2.6659574468085108,low-low,True,270.92198581560285,360.4703998615198,0.28557894057019984,26,1994.2413793103449,9.8310126336366,9.3,5.3,4.0,6.8
3126049154,3,3.0,2400,3192,2.0,False,0.0,3,7,2400,0,1991,,98103,47.6963,-122.348,1360,3192,570000.0,2014-09-25,1991.0,high-high,1200.0,2.66,low-low,True,237.5,360.4703998615198,0.41724222131200217,28,1981.5714285714287,9.639275559417092,9.9,6.0,1.0,6.8
9828702519,2,2.5,1230,1391,2.0,False,0.0,3,8,870,360,2004,,98112,47.6192,-122.301,1240,1350,490000.0,2014-05-12,2004.0,high-high,435.0,3.197701149425287,low-low,True,398.3739837398374,424.24242424242425,0.06291382541056918,47,1985.9811320754718,3.2639489246752595,6.1,9.2,4.0,6.8
2767603215,3,2.0,1450,2400,1.5,False,0.0,3,8,1450,0,1900,2003.0,98107,47.6726,-122.381,1450,4275,490000.0,2014-05-16,2003.0,high-high,966.6666666666666,2.4827586206896552,low-low,True,337.9310344827586,372.80056759545926,0.09820177065809663,39,1975.468085106383,7.574188366957098,6.6,8.4,4.0,6.7
4310701600,3,2.5,1240,1115,3.0,False,0.0,3,8,1240,0,2003,,98103,47.6985,-122.34,1410,1355,340000.0,2014-11-13,2003.0,high-high,413.3333333333333,2.6975806451612905,low-low,True,274.19354838709677,360.4703998615198,0.27357560679343645,26,1994.2413793103449,9.875484373367193,9.1,5.3,4.0,6.7
6749700002,3,2.0,1340,1384,3.0,False,0.0,3,8,1340,0,2008,,98103,47.6973,-122.35,1110,1384,376000.0,2014-05-09,2008.0,high-high,446.6666666666667,3.098507462686567,low-low,True,280.5970149253731,360.4703998615198,0.2504903153596237,27,1981.3191489361702,9.75818089070191,8.7,5.7,4.0,6.7
9524100322,3,2.25,1140,1557,3.0,False,0.0,3,8,1140,0,2007,,98103,47.6947,-122.342,1140,1245,375000.0,2014-10-20,2007.0,high-high,380.0,4.097368421052631,low-low,True,328.94736842105266,360.4703998615198,0.09151208122269132,40,1988.32,9.45158063715639,6.5,8.6,4.0,6.7
2767704777,3,2.5,1460,1238,2.0,False,0.0,3,8,1200,260,2008,,98107,47.6719,-122.374,1280,1257,436000.0,2014-09-19,2008.0,high-high,600.0,2.0633333333333335,low-low,True,298.63013698630135,372.80056759545926,0.2218377977014966,28,1975.6410256410256,7.315170230469553,8.4,6.0,4.0,6.7
3278602490,3,2.5,1780,1754,3.0,False,0.0,3,8,1780,0,2007,,98126,47.548,-122.373,1780,1607,365000.0,2014-09-26,2007.0,high-high,593.3333333333334,2.9561797752808987,low-low,True,205.0561797752809,274.4500239120038,0.29148519284439184,24,1991.888888888889,7.239267715485414,9.3,4.9,4.0,6.7
5676000004,3,2.5,1430,1250,3.0,False,0.0,3,7,1430,0,2007,,98103,47.6904,-122.342,1360,1269,399000.0,2014-11-18,2007.0,high-high,476.6666666666667,2.622377622377622,low-low,True,279.02097902097904,360.4703998615198,0.25612287216865054,33,1982.7045454545455,8.973443086218571,8.8,7.2,1.0,6.7
5416510490,4,2.75,3000,5470,2.0,False,0.0,3,8,3000,0,2005,,98038,47.3613,-122.038,2420,4891,355000.0,2014-07-08,2005.0,high-high,1500.0,3.6466666666666665,low-low,True,118.33333333333333,170.92592592592592,0.36772478012531734,21,2003.1891891891892,35.8526932276201,9.7,4.3,4.0,6.7
6749700063,2,2.25,1230,989,3.0,False,0.0,3,8,1230,0,2007,,98103,47.6975,-122.348,1230,1223,356000.0,2014-12-15,2007.0,high-high,410.0,2.4121951219512194,low-low,True,289.4308943089431,360.4703998615198,0.21949328331899368,28,1984.0217391304348,9.772575511282483,8.4,6.0,4.0,6.7
9826700930,2,2.0,1480,804,3.0,False,0.0,3,8,1480,0,2008,,98122,47.602,-122.308,1380,1751,459000.0,2014-07-22,2008.0,high-high,493.3333333333333,1.6297297297297297,low-low,True,310.13513513513516,356.65223144472515,0.1397530430994008,33,1983.7631578947369,2.703174309717315,7.4,7.2,4.0,6.7
3126049500,3,1.5,1360,885,3.0,False,0.0,3,8,1360,0,2008,,98103,47.6961,-122.349,1360,1167,359000.0,2014-05-22,2008.0,high-high,453.3333333333333,1.9522058823529413,low-low,True,263.97058823529414,360.4703998615198,0.3115721560463798,22,1977.1363636363637,9.62073390532852,9.5,4.6,4.0,6.7
6749700110,3,3.0,1260,1634,3.0,False,0.0,3,8,1260,0,1998,,98103,47.697,-122.349,1260,1135,342000.0,2014-10-29,1998.0,high-high,420.0,3.8904761904761904,low-low,True,271.42857142857144,360.4703998615198,0.2837108286874795,25,1979.9347826086957,9.720670205863923,9.3,5.0,4.0,6.7
4310702440,3,2.0,1480,2502,2.0,False,0.0,3,7,1480,0,1991,,98103,47.6969,-122.338,1850,5000,355000.0,2014-10-14,1991.0,high-high,740.0,3.381081081081081,low-low,True,239.86486486486487,360.4703998615198,0.4073341430873059,27,1990.6969696969697,9.70129966995923,9.9,5.7,1.0,6.6
9126100815,3,2.0,1560,1156,3.0,False,0.0,3,8,1560,0,2014,,98122,47.605,-122.304,1560,1728,500000.0,2014-12-17,2014.0,high-high,520.0,2.223076923076923,low-low,True,320.5128205128205,356.65223144472515,0.10683888822317625,36,1960.4651162790697,2.911091293052617,6.8,7.9,4.0,6.6
6749700031,3,2.5,1210,1420,3.0,False,0.0,3,8,1210,0,2008,,98103,47.6977,-122.349,1190,1407,345000.0,2014-06-09,2008.0,high-high,403.3333333333333,3.5206611570247937,low-low,True,285.12396694214874,360.4703998615198,0.2344857873639882,27,1984.4888888888888,9.798400403129296,8.6,5.7,4.0,6.6
3630030290,4,2.5,2310,3866,2.0,False,0.0,3,8,2310,0,2005,,98029,47.5498,-121.996,1950,4023,600000.0,2014-10-17,2005.0,high-high,1155.0,3.347186147186147,low-low,True,259.7402597402597,271.42857142857144,0.04401688541677447,48,2007.4,26.80834395663202,5.6,9.4,4.0,6.6
3126049498,3,1.5,1360,1167,3.0,False,0.0,3,8,1360,0,2008,,98103,47.6962,-122.349,1360,1167,370000.0,2015-03-16,2008.0,high-high,453.3333333333333,2.574264705882353,low-low,True,272.05882352941177,360.4703998615198,0.2813915388963885,23,1978.7045454545455,9.6318377960442,9.2,4.7,4.0,6.6
4310702918,2,2.25,1110,1290,3.0,False,0.0,3,8,1110,0,2006,,98103,47.6968,-122.34,1360,1251,345000.0,2014-10-30,2006.0,high-high,370.0,3.4864864864864864,low-low,True,310.81081081081084,360.4703998615198,0.14822544307958105,32,1992.8684210526317,9.686479874674529,7.5,6.9,4.0,6.6
5416501030,4,2.5,2800,4687,2.0,False,0.0,3,9,2800,0,2005,,98038,47.3594,-122.04,2750,4750,399000.0,2014-11-24,2005.0,high-high,1400.0,3.347857142857143,low-low,True,142.5,170.92592592592592,0.18188828122391829,21,2002.657894736842,35.92077114534851,7.9,4.3,7.0,6.5
5676000008,3,2.5,1420,1269,3.0,False,0.0,3,7,1420,0,2007,,98103,47.6904,-122.342,1420,1300,410000.0,2015-03-16,2007.0,high-high,473.3333333333333,2.680985915492958,low-low,True,288.7323943661972,360.4703998615198,0.221909556701514,33,1982.7045454545455,8.973443086218571,8.5,7.2,1.0,6.5
9828702649,3,2.5,1510,1178,2.0,False,0.0,3,8,1060,450,2007,,98122,47.6181,-122.301,1510,1210,515000.0,2014-10-28,2007.0,high-high,530.0,2.2226415094339624,low-low,True,341.05960264900665,356.65223144472515,0.04470391554701904,45,1980.3461538461538,3.2264701976381103,5.7,9.0,4.0,6.5
9828701871,3,2.0,1400,1657,2.0,False,0.0,3,8,1060,340,2004,,98112,47.6196,-122.298,1540,2275,570000.0,2015-02-12,2004.0,high-high,530.0,3.1264150943396225,low-low,True,407.14285714285717,424.24242424242425,0.04114092292353239,45,1983.5849056603774,3.4912387824496034,5.6,9.0,4.0,6.5
9126100861,3,3.5,1710,2096,2.0,False,0.0,3,8,1290,420,2008,,98122,47.6055,-122.305,1630,1543,557000.0,2015-03-06,2008.0,high-high,645.0,3.2496124031007754,low-low,True,325.7309941520468,356.65223144472515,0.09068929597120681,37,1966.088888888889,2.8276471717383567,6.5,8.1,4.0,6.5
4310701565,3,3.25,1410,1350,3.0,False,0.0,3,8,1410,0,2005,,98103,47.698,-122.34,1410,1253,425000.0,2014-09-16,2005.0,high-high,470.0,2.872340425531915,low-low,True,301.41843971631204,360.4703998615198,0.17891038025235823,28,1995.0,9.819894707523472,7.9,6.0,4.0,6.5
567000672,3,3.0,1260,1251,2.0,False,0.0,3,7,1040,220,2003,,98144,47.5943,-122.296,1780,7715,342000.0,2014-09-30,2003.0,high-high,520.0,2.4057692307692307,low-low,True,271.42857142857144,302.63157894736844,0.10881713852573706,44,1978.8688524590164,3.86405304838007,6.9,8.9,1.0,6.4
5416500660,4,2.5,2960,4640,2.0,False,0.0,3,9,2960,0,2005,,98038,47.3597,-122.04,2750,4623,426500.0,2015-04-30,2005.0,high-high,1480.0,3.135135135135135,low-low,True,144.08783783783784,170.92592592592592,0.17080718233685868,21,2002.657894736842,35.894889664883635,7.8,4.3,7.0,6.4
9126100814,3,2.0,1560,1020,3.0,False,0.0,3,8,1560,0,2014,,98122,47.605,-122.304,1560,1728,515000.0,2014-10-08,2014.0,high-high,520.0,1.9615384615384615,low-low,True,330.12820512820514,356.65223144472515,0.0772800859816318,36,1960.4651162790697,2.911091293052617,6.3,7.9,4.0,6.4
3629910470,3,2.5,2110,3870,2.0,False,0.0,3,9,2110,0,2004,,98029,47.5513,-121.994,2300,3870,590000.0,2014-07-29,2004.0,high-high,1055.0,3.6682464454976302,low-low,True,279.62085308056874,271.42857142857144,-0.029735573312571432,44,2007.1764705882354,26.912587591097452,4.1,8.9,7.0,6.4
4310702759,2,1.5,1030,798,3.0,False,0.0,3,8,1030,0,2008,,98103,47.6975,-122.34,1020,1026,326000.0,2015-03-12,2008.0,high-high,343.3333333333333,2.324271844660194,low-low,True,316.50485436893206,360.4703998615198,0.13007126566153482,30,1994.7575757575758,9.76430513046965,7.3,6.6,4.0,6.4
424049059,3,2.0,1400,2445,1.0,False,0.0,3,7,840,560,2002,,98144,47.5926,-122.299,1400,3200,373000.0,2014-08-15,2002.0,high-high,840.0,2.9107142857142856,low-low,True,266.42857142857144,302.63157894736844,0.12740997160235298,40,1983.12,3.755890035393238,7.2,8.6,1.0,6.4
3278605570,3,2.5,1800,2700,2.0,False,0.0,3,8,1800,0,2011,,98126,47.5458,-122.369,1380,1200,362500.0,2014-06-19,2011.0,high-high,900.0,3.0,low-low,True,201.38888888888889,274.4500239120038,0.3095313727302791,20,2007.5416666666667,7.384263820310027,9.5,3.9,4.0,6.4
2770601696,3,2.5,1930,1348,2.0,False,0.0,3,8,1300,630,2005,,98199,47.6513,-122.384,1630,6000,439990.0,2014-07-03,2005.0,high-high,650.0,2.0738461538461537,low-low,True,227.9740932642487,354.3046357615894,0.44092509960465653,18,1985.2142857142858,5.586452545180287,10.0,3.1,4.0,6.4
2767603608,2,1.5,1170,1274,3.0,False,0.0,3,8,1170,0,2001,,98107,47.6719,-122.381,1290,1308,405000.0,2014-10-02,2001.0,high-high,390.0,3.2666666666666666,low-low,True,346.15384615384613,372.80056759545926,0.07416028703341145,37,1971.4888888888888,7.502379619169596,6.2,8.1,4.0,6.4
3630080120,3,2.5,1400,1529,2.0,False,0.0,3,7,1400,0,2005,,98029,47.5535,-121.997,1440,1536,358000.0,2014-09-19,2005.0,high-high,700.0,2.184285714285714,low-low,True,255.71428571428572,271.42857142857144,0.059638266319731244,50,2008.2115384615386,26.635290112791843,6.0,9.9,1.0,6.4
3278605550,3,2.5,1800,2700,2.0,False,0.0,3,8,1800,0,2011,,98126,47.5458,-122.369,1580,2036,365000.0,2014-06-09,2011.0,high-high,900.0,3.0,low-low,True,202.77777777777777,274.4500239120038,0.3026584934425171,20,2007.5416666666667,7.384263820310027,9.4,3.9,4.0,6.4
6749700117,3,2.25,1190,1022,3.0,False,0.0,3,8,1190,0,1998,,98103,47.6972,-122.349,1210,1171,350000.0,2015-04-23,1998.0,high-high,396.6666666666667,2.576470588235294,low-low,True,294.11764705882354,360.4703998615198,0.2034299974266768,26,1980.5217391304348,9.742878660537663,8.2,5.3,4.0,6.3
2767704302,2,1.5,1280,1256,2.0,False,0.0,3,8,1200,80,1998,,98107,47.6741,-122.375,1390,1256,422250.0,2015-04-10,1998.0,high-high,600.0,2.0933333333333333,low-low,True,329.8828125,372.80056759545926,0.12230612757390225,31,1971.825,7.570850290238413,7.1,6.7,4.0,6.3
2768300650,3,2.5,1650,1838,2.0,False,0.0,4,7,1270,380,1991,,98107,47.6666,-122.367,1550,1558,453000.0,2014-12-01,1991.0,high-high,635.0,2.894488188976378,low-low,True,274.54545454545456,372.80056759545926,0.30592676775974104,26,1977.7222222222222,6.594197367929296,9.4,5.3,1.0,6.3
8929000230,3,2.5,2010,2261,2.0,False,0.0,3,8,1390,620,2014,,98029,47.5514,-121.998,1690,1899,550000.0,2015-03-06,2014.0,high-high,695.0,3.2532374100719426,low-low,True,273.6318407960199,271.42857142857144,-0.008084540056313622,50,2007.9272727272728,26.618789962660422,4.6,9.9,4.0,6.3
567000680,3,3.0,1320,1071,2.0,False,0.0,3,7,1080,240,2003,,98144,47.5942,-122.296,1780,7715,359000.0,2014-08-01,2003.0,high-high,540.0,1.9833333333333334,low-low,True,271.969696969697,302.63157894736844,0.10682550273495627,43,1978.9344262295083,3.86899659020461,6.8,8.8,1.0,6.3
3629970620,4,2.5,1850,1836,2.0,False,0.0,3,7,1600,250,2005,,98029,47.5529,-121.996,1770,2236,476100.0,2014-10-03,2005.0,high-high,800.0,2.295,low-low,True,257.35135135135135,271.42857142857144,0.05325673898897902,48,2007.9807692307693,26.724041047296794,5.9,9.4,1.0,6.2
9828702667,3,2.25,1450,1445,2.0,False,0.0,3,7,980,470,2005,,98122,47.6184,-122.301,1510,1370,482500.0,2014-05-19,2005.0,high-high,490.0,2.9489795918367347,low-low,True,332.7586206896552,356.65223144472515,0.06934380103736465,47,1982.6792452830189,3.2362762756865644,6.2,9.2,1.0,6.2
2767704332,3,3.25,1390,1278,2.0,False,0.0,3,8,1140,250,2005,,98107,47.6735,-122.375,1390,1256,469000.0,2014-09-30,2005.0,high-high,570.0,2.2421052631578946,low-low,True,337.41007194244605,372.80056759545926,0.0997445840266068,32,1972.142857142857,7.50778134124835,6.6,6.9,4.0,6.2
5416500840,4,2.5,2570,4865,2.0,False,0.0,3,8,2570,0,2005,,98038,47.3588,-122.038,2570,4933,320000.0,2014-06-27,2005.0,high-high,1285.0,3.7859922178988326,not significant,True,124.5136186770428,170.92592592592592,0.3168151840459797,18,2001.6969696969697,36.06763308203541,9.5,3.1,4.0,6.2
2767704649,2,2.5,1320,1329,2.0,False,0.0,3,8,1180,140,2007,,98107,47.6728,-122.374,1490,5000,425000.0,2014-09-29,2007.0,high-high,590.0,2.252542372881356,low-low,True,321.969696969697,372.80056759545926,0.14658617300414836,27,1973.8648648648648,7.409854322048086,7.5,5.7,4.0,6.2
4310701575,3,3.25,1410,1246,3.0,False,0.0,3,8,1410,0,2005,,98103,47.6981,-122.34,1410,1253,429000.0,2014-06-10,2005.0,high-high,470.0,2.651063829787234,low-low,True,304.25531914893617,360.4703998615198,0.16954263024875801,26,1994.2413793103449,9.8310126336366,7.8,5.3,4.0,6.2
2770601763,3,3.5,1790,1288,3.0,False,0.0,3,8,1390,400,2000,,98199,47.651,-122.384,1560,1426,450000.0,2015-03-23,2000.0,high-high,463.3333333333333,2.779856115107914,low-low,True,251.39664804469274,354.3046357615894,0.34312513315747173,18,1987.0357142857142,5.558867506533995,9.6,3.1,4.0,6.2
9828702812,4,3.0,1670,1189,3.0,False,0.0,3,8,1427,243,2000,,98122,47.6182,-122.302,1700,1401,582000.0,2014-09-23,2000.0,high-high,475.6666666666667,2.4996496145760334,low-low,True,348.50299401197606,356.65223144472515,0.023114344081148028,42,1980.212765957447,3.158102714762298,5.2,8.7,4.0,6.2
5416500680,4,2.5,2960,6031,2.0,False,0.0,3,9,2960,0,2005,,98038,47.3596,-122.04,2570,5012,449000.0,2014-06-30,2005.0,high-high,1480.0,4.075,low-low,True,151.6891891891892,170.92592592592592,0.1193966615263381,21,2002.657894736842,35.90351545428937,7.0,4.3,7.0,6.1
5416510920,4,2.5,2960,5054,2.0,False,0.0,3,9,2960,0,2006,,98038,47.3601,-122.035,2960,5000,385000.0,2014-06-16,2006.0,high-high,1480.0,3.4148648648648647,low-low,True,130.06756756756758,170.92592592592592,0.2731762149808082,16,2001.8666666666666,36.09949171002745,9.1,1.8,7.0,6.1
1934800180,3,2.5,1626,1583,2.5,False,0.0,3,8,1419,207,2007,,98122,47.6031,-122.309,1400,1583,526000.0,2015-02-10,2007.0,high-high,567.6,2.788935870331219,low-low,True,323.4932349323493,356.65223144472515,0.09758296377183119,31,1976.0,2.5949378488331996,6.6,6.7,4.0,6.1
3278600320,3,2.5,2150,4084,2.0,False,0.0,3,8,2150,0,2007,,98126,47.5488,-122.372,1750,2385,465000.0,2014-07-23,2007.0,high-high,1075.0,3.7990697674418605,low-low,True,216.27906976744185,274.4500239120038,0.23819961867510472,20,1988.1875,7.131147846008824,8.6,3.9,4.0,6.0
1972201967,2,2.25,1530,981,3.0,False,0.0,3,8,1480,50,2006,,98103,47.6533,-122.346,1530,1282,520000.0,2014-10-31,2006.0,high-high,493.3333333333333,1.9885135135135137,low-low,True,339.8692810457516,360.4703998615198,0.058848768615569216,33,1966.162162162162,4.856453824987383,6.0,7.2,4.0,6.0
3278602170,2,2.25,1560,1705,2.0,False,0.0,3,8,1270,290,2006,,98126,47.5482,-122.374,1560,1758,347000.0,2014-12-15,2006.0,high-high,635.0,2.6850393700787403,low-low,True,222.43589743589743,274.4500239120038,0.21013022343747606,21,1986.3939393939395,7.242550031613545,8.3,4.3,4.0,6.0
8673400177,3,3.0,1730,1074,3.5,False,0.0,3,8,1730,0,2006,,98107,47.6692,-122.392,1370,1185,525000.0,2015-04-02,2006.0,high-high,494.2857142857143,2.1728323699421965,low-low,True,303.46820809248555,372.80056759545926,0.2057667512483497,21,1990.6,7.595665804385936,8.2,4.3,4.0,6.0
3630010020,3,2.0,1540,1827,2.0,False,0.0,3,8,1540,0,2005,,98029,47.5479,-121.999,1560,2058,376000.0,2014-12-29,2005.0,high-high,770.0,2.3727272727272726,low-low,True,244.15584415584416,271.42857142857144,0.10589228913486178,29,2005.15,26.64459169607003,6.7,6.3,4.0,6.0
9828702902,2,2.25,1160,1010,2.0,False,0.0,3,8,1000,160,2006,,98112,47.6207,-122.301,1200,1170,495000.0,2014-10-21,2006.0,high-high,500.0,2.02,low-low,True,426.7241379310345,424.24242424242425,-0.005832710319501515,43,1985.2156862745098,3.3216398885639014,4.6,8.8,4.0,6.0
5416510990,4,2.5,2800,5000,2.0,False,0.0,3,9,2800,0,2006,,98038,47.3596,-122.036,2960,5092,375000.0,2014-09-10,2006.0,high-high,1400.0,3.5714285714285716,low-low,True,133.92857142857142,170.92592592592592,0.24392367214337096,16,2002.2666666666667,36.09437578835885,8.7,1.8,7.0,6.0
1972201960,3,2.25,1500,1312,3.0,False,0.0,3,8,1500,0,2007,,98103,47.6534,-122.346,1500,1282,513000.0,2014-08-25,2007.0,high-high,500.0,2.624,low-low,True,342.0,360.4703998615198,0.05259910772409297,33,1966.162162162162,4.867554215439011,5.9,7.2,4.0,6.0
3630030180,3,2.25,1780,3665,2.0,False,0.0,3,8,1780,0,2004,,98029,47.5495,-121.997,1770,3669,499000.0,2015-02-24,2004.0,high-high,890.0,4.117977528089888,low-low,True,280.3370786516854,271.42857142857144,-0.03229371534830622,49,2007.642857142857,26.7440963257951,4.0,9.7,4.0,6.0
6021503656,3,2.5,1330,1064,3.0,False,0.0,3,8,1330,0,2004,,98117,47.6835,-122.387,1330,1113,375000.0,2014-09-02,2004.0,high-high,443.3333333333333,2.4,low-low,True,281.9548872180451,344.2028985507246,0.19948422112877962,21,1949.1538461538462,8.865926677727762,8.1,4.3,4.0,6.0
9828702666,4,2.25,1490,956,2.0,False,0.0,3,7,1020,470,2005,,98122,47.6184,-122.301,1510,1350,507000.0,2014-07-28,2005.0,high-high,510.0,1.8745098039215686,low-low,True,340.2684563758389,356.65223144472515,0.04702628175010676,47,1982.6792452830189,3.2362762756865644,5.7,9.2,1.0,6.0
3869900120,3,2.5,1690,1310,2.0,False,0.0,3,8,1140,550,2004,,98136,47.5404,-122.387,1640,1321,430000.0,2015-02-26,2004.0,high-high,570.0,2.2982456140350878,low-low,True,254.4378698224852,319.44444444444446,0.22752669614260548,20,1975.4615384615386,8.406754365353782,8.5,3.9,4.0,6.0
789000520,3,1.75,1480,2211,2.0,False,0.0,3,7,1480,0,1995,,98103,47.6966,-122.35,1480,2197,402500.0,2014-07-15,1995.0,high-high,740.0,2.9878378378378376,low-low,True,271.9594594594595,360.4703998615198,0.28175683570410365,23,1977.2954545454545,9.680485432067714,9.2,4.7,1.0,6.0
3629970870,4,2.5,2120,3640,2.0,False,0.0,3,8,2120,0,2005,,98029,47.5521,-121.996,2190,3640,599000.0,2014-08-27,2005.0,high-high,1060.0,3.4339622641509435,low-low,True,282.54716981132077,271.42857142857144,-0.04014649333230976,50,2007.7592592592594,26.745396768104058,3.9,9.9,4.0,6.0
2767704252,3,3.25,1430,1348,2.0,False,0.0,3,8,1160,270,2008,,98107,47.6743,-122.374,1160,1265,478000.0,2014-11-03,2008.0,high-high,580.0,2.3241379310344827,low-low,True,334.26573426573424,372.80056759545926,0.10910731711064574,27,1962.9512195121952,7.5679694689372825,6.9,5.7,4.0,5.9
5416500980,4,2.5,2750,5767,2.0,False,0.0,3,9,2750,0,2005,,98038,47.3595,-122.038,2800,5376,419900.0,2014-07-29,2005.0,high-high,1375.0,4.194181818181818,low-low,True,152.6909090909091,170.92592592592592,0.11281460492095571,20,2001.7567567567567,36.00736292376168,6.9,3.9,7.0,5.9
2767600688,2,1.5,1210,1278,2.0,False,0.0,3,8,1020,190,2007,,98117,47.6756,-122.375,1210,1118,414500.0,2014-11-13,2007.0,high-high,510.0,2.5058823529411764,low-low,True,342.56198347107437,344.2028985507246,0.00477868989882784,39,1970.8846153846155,7.728790676435482,4.9,8.4,4.0,5.9
8929000050,4,2.5,1540,1994,2.0,False,0.0,3,8,1540,0,2014,,98029,47.5526,-121.999,1540,1689,439990.0,2014-09-04,2014.0,high-high,770.0,2.5896103896103897,low-low,True,285.7077922077922,271.42857142857144,-0.05127056685655473,50,2008.2264150943397,26.51349224857848,3.6,9.9,4.0,5.9
3630080190,3,2.5,1500,2314,2.0,False,0.0,3,7,1500,0,2005,,98029,47.5537,-121.998,1440,2170,405000.0,2014-08-01,2005.0,high-high,750.0,3.0853333333333333,low-low,True,270.0,271.42857142857144,0.005277057100843819,49,2008.48,26.55711323798251,4.9,9.7,1.0,5.8
789000550,3,1.75,1480,2200,2.0,False,0.0,3,7,1480,0,1995,,98103,47.6969,-122.35,1360,2190,415000.0,2015-04-13,1995.0,high-high,740.0,2.972972972972973,low-low,True,280.4054054054054,360.4703998615198,0.2511734123320234,23,1978.5348837209303,9.713783209345017,8.8,4.7,1.0,5.8
2767604067,3,3.25,1510,1125,3.0,False,0.0,3,8,1510,0,2006,,98107,47.6711,-122.39,1390,1174,530000.0,2014-08-20,2006.0,high-high,503.3333333333333,2.2350993377483444,low-low,True,350.9933774834437,372.80056759545926,0.06027624961095128,30,1985.5135135135135,7.7096140184682405,6.0,6.6,4.0,5.8
3277801417,3,2.5,1480,1663,2.0,False,0.0,3,9,1180,300,2012,,98126,47.5443,-122.375,1380,1537,341000.0,2014-05-16,2012.0,high-high,590.0,2.81864406779661,low-low,True,230.40540540540542,274.4500239120038,0.17492879261539632,17,1979.7241379310344,7.677087121469314,7.9,2.5,7.0,5.8
1972200698,2,3.25,1400,1243,3.0,False,0.0,3,8,1400,0,2000,,98103,47.6534,-122.353,1400,1335,474800.0,2014-05-28,2000.0,high-high,466.6666666666667,2.6635714285714283,low-low,True,339.14285714285717,360.4703998615198,0.060988418672397925,30,1980.2222222222222,4.926149020582303,6.1,6.6,4.0,5.8
993002108,3,1.5,1140,1069,3.0,False,0.0,3,8,1140,0,2005,,98103,47.6907,-122.342,1230,1276,399995.0,2015-03-30,2005.0,high-high,380.0,2.8131578947368423,low-low,True,350.87280701754383,360.4703998615198,0.026986060163245878,34,1983.6444444444444,9.006801517822169,5.3,7.5,4.0,5.8
291310310,3,3.5,2490,3517,2.0,False,0.0,3,8,1720,770,2005,,98027,47.5341,-122.067,1600,2378,533500.0,2014-12-10,2005.0,high-high,860.0,4.089534883720931,low-low,True,214.2570281124498,251.24289480187824,0.15924381931271445,21,2005.4642857142858,22.291125213508984,7.7,4.3,4.0,5.8
3630020380,3,2.5,1470,1779,2.0,False,0.0,3,8,1160,310,2005,,98029,47.5472,-121.998,1470,1576,379770.0,2014-11-07,2005.0,high-high,580.0,3.067241379310345,low-low,True,258.3469387755102,271.42857142857144,0.04939561057301699,32,2004.4651162790697,26.737362785272587,5.8,6.9,4.0,5.8
1934800193,3,3.5,1550,1233,2.0,False,0.0,3,8,1160,390,2005,,98122,47.6034,-122.309,1490,1539,530000.0,2015-03-06,2005.0,high-high,580.0,2.1258620689655174,low-low,True,341.93548387096774,356.65223144472515,0.04213908976890999,32,1977.0,2.5856946888961545,5.6,6.9,4.0,5.8
476000324,3,3.25,1370,1194,3.0,False,0.0,3,8,1370,0,2005,,98107,47.6704,-122.391,1320,1217,460000.0,2014-10-16,2005.0,high-high,456.6666666666667,2.6145985401459853,low-low,True,335.7664233576642,372.80056759545926,0.1046278556871788,27,1982.735294117647,7.67618275661776,6.7,5.7,4.0,5.8
5416510530,4,2.5,2580,4818,2.0,False,0.0,3,8,2580,0,2005,,98038,47.3607,-122.038,2570,5386,379950.0,2014-11-24,2005.0,high-high,1290.0,3.7348837209302324,low-low,True,147.2674418604651,170.92592592592592,0.14898001475035558,21,2003.0555555555557,35.90419985309018,7.6,4.3,4.0,5.7
8562770110,3,3.5,2710,3290,2.0,False,0.0,3,8,1650,1060,2006,,98027,47.5367,-122.072,2440,3290,600000.0,2014-10-27,2006.0,high-high,825.0,3.987878787878788,low-low,True,221.4022140221402,251.24289480187824,0.12643915925336952,24,2004.625,21.834596221431656,7.2,4.9,4.0,5.7
2768301357,3,2.25,1530,1396,2.0,False,0.0,3,8,1240,290,2007,,98107,47.666,-122.367,1690,2500,500000.0,2014-10-01,2007.0,high-high,620.0,2.2516129032258063,low-low,True,326.797385620915,372.80056759545926,0.1317032423124383,23,1970.7941176470588,6.530213974427229,7.3,4.7,4.0,5.7
2771102158,3,3.5,1450,1263,2.0,False,0.0,3,8,1160,290,2007,,98199,47.6508,-122.383,1390,1282,395000.0,2014-10-21,2007.0,high-high,580.0,2.1775862068965517,low-low,True,272.41379310344826,354.3046357615894,0.26283488760053486,17,1988.0384615384614,5.49849559724498,8.9,2.5,4.0,5.7
8929000060,2,1.75,1210,1189,2.0,False,0.0,3,8,1210,0,2014,,98029,47.5526,-121.998,1540,1672,351358.0,2014-10-04,2014.0,high-high,605.0,1.965289256198347,low-low,True,290.3785123966942,271.42857142857144,-0.06748627098946486,50,2008.1509433962265,26.58632171511257,3.2,9.9,4.0,5.7
3630080430,4,2.5,1670,3315,2.0,False,0.0,3,7,1670,0,2005,,98029,47.5532,-121.998,1650,2051,451000.0,2014-06-17,2005.0,high-high,835.0,3.970059880239521,low-low,True,270.05988023952096,271.42857142857144,0.0050553030252038725,48,2008.313725490196,26.570323997925207,4.9,9.4,1.0,5.7
3126049446,3,3.5,1130,1449,3.0,False,0.0,3,7,1130,0,2005,,98103,47.6968,-122.348,1130,1200,343000.0,2015-03-10,2005.0,high-high,376.6666666666667,3.8469026548672565,low-low,True,303.53982300884957,360.4703998615198,0.1718970303450074,27,1981.936170212766,9.694816758119405,7.9,5.7,1.0,5.7
3274800460,2,2.25,1230,1280,2.0,False,0.0,3,8,960,270,2012,,98144,47.5942,-122.298,1130,1357,387000.0,2014-05-20,2012.0,high-high,480.0,2.6666666666666665,low-low,True,314.6341463414634,302.63157894736844,-0.03889436902049994,45,1982.4827586206898,3.735341990638828,3.9,9.0,4.0,5.7
1972201964,3,2.25,1420,983,3.0,False,0.0,3,8,1420,0,2006,,98103,47.6533,-122.346,1530,1280,500000.0,2014-07-25,2006.0,high-high,473.3333333333333,2.0767605633802817,low-low,True,352.11267605633805,360.4703998615198,0.023458617977675622,33,1966.162162162162,4.856453824987383,5.3,7.2,4.0,5.7
291310340,3,3.5,2490,3582,2.0,False,0.0,3,8,1720,770,2005,,98027,47.5338,-122.067,1445,1590,550000.0,2014-07-08,2005.0,high-high,860.0,4.165116279069768,low-low,True,220.8835341365462,251.24289480187824,0.12878461182800605,21,2005.4444444444443,22.303781308157564,7.3,4.3,4.0,5.6
3629970610,3,2.5,1600,2375,2.0,False,0.0,3,7,1600,0,2005,,98029,47.5531,-121.996,1830,2375,435000.0,2014-07-18,2005.0,high-high,800.0,2.96875,low-low,True,271.875,271.42857142857144,-0.0016433857437299034,48,2008.0192307692307,26.718745725610844,4.7,9.4,1.0,5.6
5416500950,4,2.5,2820,5056,2.0,False,0.0,3,9,2820,0,2006,,98038,47.3591,-122.038,2820,5150,428900.0,2015-03-09,2006.0,high-high,1410.0,3.5858156028368793,not significant,True,152.0921985815603,170.92592592592592,0.11674337435981072,18,2001.6969696969697,36.0417947720906,6.9,3.1,7.0,5.6
8673400020,3,3.0,1740,1100,3.0,False,0.0,3,8,1740,0,2007,,98107,47.67,-122.391,1370,1180,590000.0,2015-03-11,2007.0,high-high,580.0,1.896551724137931,low-low,True,339.08045977011494,372.80056759545926,0.09480618165695835,26,1984.967741935484,7.6371101502949355,6.5,5.3,4.0,5.6
3278602190,3,3.25,1460,1592,2.0,False,0.0,3,8,1130,330,2006,,98126,47.5481,-122.374,1560,1701,350000.0,2014-06-11,2006.0,high-high,565.0,2.8176991150442476,low-low,True,239.72602739726028,274.4500239120038,0.1352724633596752,21,1986.3939393939395,7.253050840606752,7.4,4.3,4.0,5.6
9828702513,2,2.25,1230,929,2.0,False,0.0,3,8,1020,210,2004,,98122,47.6191,-122.301,1270,1370,460000.0,2014-05-06,2004.0,high-high,510.0,1.8215686274509804,low-low,True,373.9837398373984,356.65223144472515,-0.04745115471489233,46,1985.4423076923076,3.260369959812577,3.7,9.1,4.0,5.6
3278612370,3,2.5,1580,2765,2.0,False,0.0,3,8,1580,0,2011,,98126,47.5444,-122.369,1580,1820,349900.0,2014-08-11,2011.0,high-high,790.0,3.5,low-low,True,221.45569620253164,274.4500239120038,0.21454662978812272,18,2007.4285714285713,7.534183223324394,8.3,3.1,4.0,5.6
3630000150,2,1.75,1400,865,2.0,False,0.0,3,8,1110,290,2005,,98029,47.5478,-121.999,1380,1107,358500.0,2015-01-28,2005.0,high-high,555.0,1.5585585585585586,low-low,True,256.07142857142856,271.42857142857144,0.0582425926807565,28,2004.923076923077,26.64748539705482,6.0,6.0,4.0,5.6
3630010040,3,2.0,1540,1827,2.0,False,0.0,3,8,1540,0,2005,,98029,47.5479,-121.998,1540,1827,402000.0,2014-05-23,2005.0,high-high,770.0,2.3727272727272726,low-low,True,261.038961038961,271.42857142857144,0.03902934390573529,30,2005.0731707317073,26.717070286754385,5.5,6.6,4.0,5.6
2767604724,2,2.5,1430,1201,3.0,False,0.0,3,8,1430,0,2009,,98107,47.6707,-122.381,1430,1249,505000.0,2014-10-15,2009.0,high-high,476.6666666666667,2.5195804195804197,low-low,True,353.1468531468532,372.80056759545926,0.05415962032674173,28,1979.4117647058824,7.3795632897894805,5.9,6.0,4.0,5.6
2767603615,2,2.25,1290,1137,3.0,False,0.0,3,8,1290,0,2007,,98107,47.6718,-122.382,1290,1332,481000.0,2014-09-03,2007.0,high-high,430.0,2.644186046511628,low-low,True,372.86821705426354,372.80056759545926,-0.00018144640189453353,33,1976.341463414634,7.521516916280604,4.8,7.2,4.0,5.5
291310100,3,2.5,1600,2388,2.0,False,0.0,3,8,1600,0,2004,,98027,47.5345,-122.069,1410,1287,400000.0,2015-01-16,2004.0,high-high,800.0,2.985,low-low,True,250.0,251.24289480187824,0.004959261715659877,33,2005.9285714285713,22.135324469757222,4.9,7.2,4.0,5.5
476000335,2,1.5,1320,1194,3.0,False,0.0,3,7,1320,0,2001,,98107,47.6704,-122.39,1320,1250,430000.0,2014-12-17,2001.0,high-high,440.0,2.713636363636364,low-low,True,325.75757575757575,372.80056759545926,0.13489013324095728,27,1986.8181818181818,7.640781541177212,7.4,5.7,1.0,5.5
6021503451,3,2.5,1430,1056,3.0,False,0.0,3,8,1430,0,2003,,98117,47.684,-122.388,1310,2135,443600.0,2014-08-22,2003.0,high-high,476.6666666666667,2.2153846153846155,low-low,True,310.2097902097902,344.2028985507246,0.10398249366113192,24,1947.2340425531916,8.94586789732838,6.7,4.9,4.0,5.5
8929000130,2,1.75,1210,1032,2.0,False,0.0,3,8,1210,0,2014,,98029,47.5522,-121.999,1210,1090,357562.0,2014-07-08,2014.0,high-high,605.0,1.7057851239669422,low-low,True,295.5057851239669,271.42857142857144,-0.08498939796297085,49,2008.25,26.524273990240566,2.9,9.7,4.0,5.5
1972201965,3,2.25,1420,1309,3.0,False,0.0,3,8,1420,0,2006,,98103,47.6534,-122.346,1500,1282,510000.0,2014-06-24,2006.0,high-high,473.3333333333333,2.765492957746479,low-low,True,359.15492957746477,360.4703998615198,0.0036559906814959747,33,1966.162162162162,4.867554215439011,4.8,7.2,4.0,5.5
1934800142,2,1.5,1050,1046,2.0,False,0.0,3,8,960,90,2007,,98122,47.6028,-122.309,1470,1768,375000.0,2014-12-03,2007.0,high-high,480.0,2.1791666666666667,low-low,True,357.14285714285717,356.65223144472515,-0.0013746964170566168,33,1977.560975609756,2.6045754798857677,4.7,7.2,4.0,5.5
2771102144,3,3.25,1320,1327,2.0,False,0.0,3,8,1040,280,2008,,98199,47.6506,-122.383,1440,1263,385000.0,2014-05-02,2008.0,high-high,520.0,2.5519230769230767,low-low,True,291.6666666666667,354.3046357615894,0.19454549837966875,18,1989.037037037037,5.480028732596093,8.1,3.1,4.0,5.5
2767604074,2,1.5,1210,1232,3.0,False,0.0,3,8,1210,0,2007,,98107,47.6712,-122.39,1330,1174,437500.0,2014-08-22,2007.0,high-high,403.3333333333333,3.0545454545454547,low-low,True,361.5702479338843,372.80056759545926,0.030587259141266403,30,1984.0,7.719461194778813,5.4,6.6,4.0,5.5
2770601530,2,2.25,1570,1269,2.0,False,0.0,3,9,1280,290,2015,,98199,47.6514,-122.385,1570,6000,500000.0,2014-08-26,2015.0,high-high,640.0,1.9828125,low-low,True,318.47133757961785,354.3046357615894,0.10662461700719839,18,1983.9655172413793,5.637950074644959,6.8,3.1,7.0,5.5
3630060150,3,2.5,2080,2625,2.0,False,0.0,3,8,2080,0,2006,,98029,47.5469,-121.997,1760,2772,550000.0,2015-04-01,2006.0,high-high,1040.0,2.5240384615384617,low-low,True,264.4230769230769,271.42857142857144,0.0261486315859286,30,2004.4634146341464,26.8185395665868,5.3,6.6,4.0,5.5
3630030440,4,2.5,1950,3720,2.0,False,0.0,3,8,1950,0,2004,,98029,47.5503,-121.997,1720,3720,585000.0,2014-09-23,2004.0,high-high,975.0,3.8153846153846156,low-low,True,300.0,271.42857142857144,-0.10008345855698253,55,2007.5573770491803,26.721778272437835,2.7,10.0,4.0,5.5
2767603612,2,2.25,1290,1334,3.0,False,0.0,3,8,1290,0,2007,,98107,47.6719,-122.382,1350,1334,489000.0,2015-01-13,2007.0,high-high,430.0,3.1023255813953488,low-low,True,379.06976744186045,372.80056759545926,-0.016676665771005426,35,1975.3488372093022,7.531725438734073,4.4,7.7,4.0,5.4
2770601461,3,2.5,1810,1988,2.0,False,0.0,3,7,1350,460,1997,,98199,47.6513,-122.385,1600,1525,487500.0,2015-03-17,1997.0,high-high,675.0,2.9451851851851854,low-low,True,269.3370165745856,354.3046357615894,0.27419365090900616,18,1983.9655172413793,5.6288103556391285,9.1,3.1,1.0,5.4
8929000170,2,1.75,1210,1040,2.0,False,0.0,3,8,1210,0,2014,,98029,47.5519,-121.999,1210,1090,357186.0,2014-06-16,2014.0,high-high,605.0,1.71900826446281,low-low,True,295.19504132231407,271.42857142857144,-0.08393727879737814,48,2008.2115384615386,26.532406351876936,2.9,9.4,4.0,5.4
3278600900,3,2.5,1780,2778,2.0,False,0.0,3,8,1530,250,2007,,98126,47.5487,-122.372,1380,1998,443000.0,2014-12-31,2007.0,high-high,765.0,3.631372549019608,low-low,True,248.87640449438203,274.4500239120038,0.09781277638174768,22,1990.4117647058824,7.141708485884492,6.6,4.6,4.0,5.4
8673400141,3,3.0,1380,1081,3.0,False,0.0,3,8,1380,0,2005,,98107,47.6692,-122.39,1390,1140,473000.0,2014-10-15,2005.0,high-high,460.0,2.35,low-low,True,342.7536231884058,372.80056759545926,0.08403171600746609,25,1987.6785714285713,7.523191413117274,6.4,5.0,4.0,5.4
2767704682,2,1.5,1300,1229,2.0,False,0.0,3,8,1160,140,2000,,98107,47.6727,-122.375,1430,1255,482000.0,2015-04-08,2000.0,high-high,580.0,2.1189655172413793,low-low,True,370.7692307692308,372.80056759545926,0.005463755747176518,31,1972.8333333333333,7.423788617063254,5.0,6.7,4.0,5.4
2767604712,3,2.5,1260,1125,3.0,False,0.0,3,8,1260,0,2002,,98107,47.6706,-122.381,1360,1250,437500.0,2014-09-19,2002.0,high-high,420.0,2.6785714285714284,low-low,True,347.22222222222223,372.80056759545926,0.07107862049600337,26,1980.9375,7.369345260937875,6.2,5.3,4.0,5.4
2767704345,3,2.25,1270,1213,2.0,False,0.0,3,8,1040,230,2005,,98107,47.6736,-122.375,1410,1265,467000.0,2014-05-20,2005.0,high-high,520.0,2.332692307692308,low-low,True,367.7165354330709,372.80056759545926,0.013731248131888448,31,1971.3170731707316,7.518288459526746,5.1,6.7,4.0,5.4
1407300012,2,2.0,1050,1173,2.0,False,0.0,3,8,720,330,2004,,98122,47.6181,-122.302,1340,1317,400000.0,2015-01-28,2004.0,high-high,360.0,3.2583333333333333,low-low,True,380.95238095238096,356.65223144472515,-0.06591321755462778,42,1980.212765957447,3.154795466644578,3.3,8.7,4.0,5.3
1982201596,3,1.75,1630,1404,2.0,False,0.0,3,8,1020,610,2014,,98107,47.6646,-122.367,1420,1670,540000.0,2015-01-12,2014.0,high-high,510.0,2.7529411764705882,low-low,True,331.28834355828224,372.80056759545926,0.11805448059063656,20,1967.9333333333334,6.3811371307188285,7.0,3.9,4.0,5.3
476000333,3,2.0,1250,1306,3.0,False,0.0,3,7,1250,0,2001,,98107,47.6705,-122.39,1320,1250,418000.0,2014-08-27,2001.0,high-high,416.6666666666667,3.1344,low-low,True,334.4,372.80056759545926,0.10870572411973936,27,1986.8181818181818,7.650604184015234,6.8,5.7,1.0,5.3
2767700022,3,3.25,1520,1500,3.0,False,0.0,3,7,1520,0,2000,,98107,47.67,-122.389,1520,1323,500000.0,2015-01-13,2000.0,high-high,506.6666666666667,2.9605263157894735,low-low,True,328.94736842105266,372.80056759545926,0.1251458417662791,26,1985.3548387096773,7.566517785656908,7.2,5.3,1.0,5.3
2770601462,3,2.5,1810,1750,2.0,False,0.0,3,7,1350,460,1997,,98199,47.6513,-122.386,1640,1563,503500.0,2015-04-23,1997.0,high-high,675.0,2.5925925925925926,low-low,True,278.1767955801105,354.3046357615894,0.24190022918829107,19,1984.5333333333333,5.671841904474815,8.7,3.5,1.0,5.3
1982201595,3,1.75,1630,1166,2.0,False,0.0,3,8,1020,610,2013,,98107,47.6646,-122.367,1420,1670,541000.0,2015-01-21,2013.0,high-high,510.0,2.2862745098039214,low-low,True,331.90184049079755,372.80056759545926,0.1162043413024752,20,1967.9333333333334,6.3811371307188285,6.9,3.9,4.0,5.3
1972200696,3,3.25,1460,1254,3.0,False,0.0,3,8,1460,0,2000,,98103,47.6535,-122.353,1400,1255,521000.0,2014-10-06,2000.0,high-high,486.6666666666667,2.576712328767123,low-low,True,356.8493150684931,360.4703998615198,0.010096238753576252,29,1982.3428571428572,4.937117645607583,5.0,6.3,4.0,5.3
2767704756,3,3.5,1280,1257,2.0,False,0.0,3,8,1040,240,2000,,98107,47.6721,-122.374,1280,1249,470000.0,2014-10-20,2000.0,high-high,520.0,2.417307692307692,low-low,True,367.1875,372.80056759545926,0.015170988557707385,29,1976.425,7.336198770640882,5.2,6.3,4.0,5.3
3630080030,3,2.5,1440,2163,2.0,False,0.0,3,7,1440,0,2005,,98029,47.554,-121.998,1440,2207,405000.0,2015-02-24,2005.0,high-high,720.0,3.004166666666667,low-low,True,281.25,271.42857142857144,-0.03554493741941135,48,2008.5714285714287,26.549239511929336,4.0,9.4,1.0,5.3
8673400086,3,2.5,1270,1180,3.0,False,0.0,3,8,1270,0,2001,,98107,47.6697,-122.392,1320,1180,445700.0,2014-05-02,2001.0,high-high,423.3333333333333,2.7874015748031495,low-low,True,350.9448818897638,372.80056759545926,0.060414425848275506,25,1985.8275862068965,7.64413326087481,6.1,5.0,4.0,5.3
291310170,3,2.5,1600,2610,2.0,False,,3,8,1600,0,2005,,98027,47.5344,-122.068,1445,1288,384500.0,2014-08-04,2005.0,high-high,800.0,3.2625,low-low,True,240.3125,251.24289480187824,0.044480019877943255,27,2005.8055555555557,22.209010665579402,5.7,5.7,4.0,5.3
3278606200,3,2.5,1580,3075,2.0,False,0.0,3,8,1580,0,2013,,98126,47.545,-122.368,1710,2934,379000.0,2014-09-19,2013.0,high-high,790.0,3.892405063291139,low-low,True,239.873417721519,274.4500239120038,0.1346578240793386,18,2003.8333333333333,7.450066374610796,7.3,3.1,4.0,5.2
3630030110,3,2.5,1700,3150,2.0,False,0.0,3,8,1700,0,2005,,98029,47.5505,-121.998,1700,3600,534500.0,2014-06-16,2005.0,high-high,850.0,3.7058823529411766,low-low,True,314.4117647058824,271.42857142857144,-0.14700446330371106,51,2007.719298245614,26.643553724121954,2.0,10.0,4.0,5.2
2767603612,2,2.25,1290,1334,3.0,False,0.0,3,8,1290,0,2007,,98107,47.6719,-122.382,1350,1334,500000.0,2014-05-12,2007.0,high-high,430.0,3.1023255813953488,low-low,True,387.5968992248062,372.80056759545926,-0.03892227471832514,35,1975.3488372093022,7.531725438734073,3.9,7.7,4.0,5.2
2767604254,2,2.5,1140,1182,3.0,False,0.0,3,8,1140,0,2007,,98107,47.6713,-122.383,1290,1189,425000.0,2014-06-03,2007.0,high-high,380.0,3.110526315789474,low-low,True,372.8070175438597,372.80056759545926,-1.730118772698591e-05,29,1979.972972972973,7.500732543995342,4.8,6.3,4.0,5.2
2770601782,3,2.5,1510,1618,2.5,False,0.0,3,8,1330,180,2011,,98199,47.6515,-122.384,1350,1397,453000.0,2014-08-01,2011.0,high-high,532.0,3.0413533834586466,low-low,True,300.0,354.3046357615894,0.16637462141297255,17,1985.8076923076924,5.604877446788802,7.8,2.5,4.0,5.2
1972201963,3,2.25,1420,1282,3.0,False,0.0,3,8,1420,0,2006,,98103,47.6533,-122.346,1530,1280,523950.0,2014-06-16,2006.0,high-high,473.3333333333333,2.7084507042253523,low-low,True,368.9788732394366,360.4703998615198,-0.02332954352108316,33,1966.162162162162,4.856453824987383,4.2,7.2,4.0,5.2
9828702771,2,1.5,893,965,2.0,False,0.0,3,8,893,0,2007,,98122,47.6187,-122.301,1340,1436,359950.0,2014-11-13,2007.0,high-high,446.5,2.1612541993281074,low-low,True,403.07950727883537,356.65223144472515,-0.12237266563702762,48,1982.888888888889,3.2463955250134613,2.4,9.4,4.0,5.2
5422950170,5,2.5,3370,5092,2.0,False,0.0,3,7,3370,0,2006,,98038,47.3594,-122.036,2910,5092,405000.0,2014-11-12,2006.0,high-high,1685.0,3.0219584569732936,low-low,True,120.17804154302671,170.92592592592592,0.35225595819035466,16,2002.0666666666666,36.11154100022884,9.6,1.8,1.0,5.2
5416510140,4,2.5,2380,5000,2.0,False,0.0,3,8,2380,0,2005,,98038,47.3608,-122.036,2420,5000,360000.0,2014-07-10,2005.0,high-high,1190.0,4.201680672268908,low-low,True,151.26050420168067,170.92592592592592,0.12222673716585107,18,2003.5483870967741,35.9915011682686,7.1,3.1,4.0,5.1
2770601457,3,2.25,1580,1487,3.0,False,0.0,3,9,1580,0,2013,,98199,47.6514,-122.386,1600,1525,542300.0,2015-02-10,2013.0,high-high,526.6666666666666,2.8234177215189877,low-low,True,343.2278481012658,354.3046357615894,0.03176258926103399,19,1986.655172413793,5.680912310787143,5.4,3.5,7.0,5.1
291310270,3,2.5,1600,2042,2.0,False,0.0,3,8,1600,0,2005,,98027,47.5341,-122.067,1445,1370,375000.0,2014-11-19,2005.0,high-high,800.0,2.5525,low-low,True,234.375,251.24289480187824,0.06949778285323106,21,2005.4642857142858,22.291125213508984,6.2,4.3,4.0,5.1
3630060070,2,2.25,1700,2383,2.0,False,0.0,3,8,1700,0,2005,,98029,47.547,-121.997,1700,2700,472500.0,2014-10-21,2005.0,high-high,850.0,2.803529411764706,low-low,True,277.94117647058823,271.42857142857144,-0.02371047977240845,32,2004.4418604651162,26.81562255105295,4.2,6.9,4.0,5.1
3052700432,3,2.25,1500,1290,2.0,False,0.0,3,8,1220,280,2006,,98117,47.6785,-122.375,1460,1375,490000.0,2014-11-12,2006.0,high-high,610.0,2.1147540983606556,low-low,True,326.6666666666667,344.2028985507246,0.05229102186901985,23,1961.7297297297298,8.035156558656794,5.8,4.7,4.0,5.1
1773100755,11,3.0,3000,4960,2.0,False,0.0,3,7,2400,600,1918,1999.0,98106,47.556,-122.363,1420,4960,520000.0,2014-08-21,1999.0,high-high,1200.0,4.133333333333334,low-low,True,173.33333333333334,215.9090909090909,0.2196409207630077,18,1989.625,6.171602182626674,8.4,3.1,1.0,5.1
3629960060,3,2.75,1420,955,2.0,False,0.0,3,8,1160,260,2004,,98029,47.5477,-122.003,1420,955,362000.0,2014-09-04,2004.0,high-high,580.0,1.646551724137931,low-low,True,254.92957746478874,271.42857142857144,0.06271167588661683,22,2003.875,26.360673222832546,6.1,4.6,4.0,5.1
3629990180,4,2.25,1890,3615,2.0,False,0.0,3,7,1890,0,2005,,98029,47.5493,-121.999,1630,3280,535000.0,2014-08-05,2005.0,high-high,945.0,3.8253968253968256,low-low,True,283.0687830687831,271.42857142857144,-0.04199090172523706,47,2007.8867924528302,26.604534817584945,3.8,9.2,1.0,5.1
3277801411,3,2.5,1380,1590,2.0,False,0.0,3,9,1160,220,2012,,98126,47.5444,-122.375,1380,1590,350000.0,2014-11-05,2012.0,high-high,580.0,2.7413793103448274,low-low,True,253.6231884057971,274.4500239120038,0.07891952680854357,17,1979.7241379310344,7.666554217150706,6.3,2.5,7.0,5.1
3629970680,2,2.5,1830,2856,2.0,False,0.0,3,7,1830,0,2005,,98029,47.5524,-121.996,1850,2667,524950.0,2014-11-12,2005.0,high-high,915.0,3.121311475409836,low-low,True,286.85792349726773,271.42857142857144,-0.05528803700840203,48,2007.9038461538462,26.737355689225858,3.5,9.4,1.0,5.1
8138870470,3,2.5,1910,2091,2.0,False,0.0,3,8,1910,0,2014,,98029,47.5445,-122.013,1630,1546,494815.0,2014-07-07,2014.0,high-high,955.0,2.189528795811518,low-low,True,259.065445026178,271.42857142857144,0.04661830282002257,25,2009.142857142857,25.736126030447195,5.7,5.0,4.0,5.1
8929000090,4,2.5,1540,1870,2.0,False,0.0,3,8,1540,0,2014,,98029,47.5524,-121.999,1540,1619,484998.0,2014-07-02,2014.0,high-high,770.0,2.4285714285714284,low-low,True,314.9337662337662,271.42857142857144,-0.14866333469288406,49,2008.25,26.51887434248693,2.0,9.7,4.0,5.1
1934800138,2,1.5,1050,934,2.0,False,0.0,3,8,960,90,2007,,98122,47.6029,-122.309,1470,1885,390000.0,2014-12-04,2007.0,high-high,480.0,1.9458333333333333,low-low,True,371.42857142857144,356.65223144472515,-0.0405954095703379,33,1977.560975609756,2.601319373028837,3.8,7.2,4.0,5.1
3278606110,3,2.5,1580,2407,2.0,False,0.0,3,8,1580,0,2013,,98126,47.5455,-122.368,1580,2212,375000.0,2015-01-08,2013.0,high-high,790.0,3.0468354430379745,low-low,True,237.34177215189874,274.4500239120038,0.14526800319135408,17,2003.391304347826,7.396389210874841,7.5,2.5,4.0,5.0
9828702266,3,2.5,1480,1165,3.0,False,0.0,3,8,1480,0,2006,,98144,47.6199,-122.3,1480,1231,520000.0,2014-10-03,2006.0,high-high,493.3333333333333,2.3614864864864864,low-low,True,351.35135135135135,302.63157894736844,-0.1492705691744937,48,1983.5535714285713,3.3604070954362033,1.9,9.4,4.0,5.0
3278600760,3,2.5,1360,1489,2.0,False,0.0,3,8,1360,0,2007,,98126,47.549,-122.372,1360,1688,345000.0,2014-07-29,2007.0,high-high,680.0,2.1897058823529414,low-low,True,253.6764705882353,274.4500239120038,0.07870946483949048,20,1988.1875,7.110031678471775,6.3,3.9,4.0,5.0
8929000250,2,1.75,1210,1161,2.0,False,0.0,3,8,1210,0,2014,,98029,47.5513,-121.998,1700,2285,395000.0,2015-04-13,2014.0,high-high,605.0,1.91900826446281,low-low,True,326.44628099173553,271.42857142857144,-0.18456638919325355,52,2007.8245614035088,26.62152405146439,1.7,10.0,4.0,5.0
3630120050,2,1.75,1670,4008,1.0,False,0.0,3,9,1670,0,2005,,98029,47.5539,-122.001,2330,3752,565000.0,2014-06-25,2005.0,high-high,1670.0,2.4,low-low,True,338.32335329341316,271.42857142857144,-0.22030308861855866,39,2009.425,26.333127458640615,1.5,8.4,7.0,5.0
3630240140,4,3.0,2110,1286,2.0,False,0.0,3,9,1710,400,2007,,98029,47.5444,-122.014,2000,1286,585000.0,2015-01-23,2007.0,high-high,855.0,1.504093567251462,low-low,True,277.25118483412325,271.42857142857144,-0.02122488364466288,23,2009.84,25.667326826789452,4.3,4.7,7.0,5.0
3278606050,3,3.5,1710,2212,2.0,False,0.0,3,7,1400,310,2013,,98126,47.5459,-122.368,1580,2212,362500.0,2015-04-01,2013.0,high-high,700.0,3.16,low-low,True,211.98830409356725,274.4500239120038,0.25823807834272866,17,2003.391304347826,7.353468025967648,8.8,2.5,1.0,5.0
952006728,3,2.5,1070,1155,2.0,False,0.0,3,7,720,350,2005,,98102,47.5617,-122.385,1120,2594,330000.0,2014-06-13,2005.0,high-high,360.0,3.2083333333333335,low-low,True,308.41121495327104,406.3637714540456,0.2758147412597262,16,1990.1,6.2282688337114225,9.2,1.8,1.0,5.0
3629800100,3,2.5,2160,4297,2.0,False,0.0,3,9,2160,0,1999,,98029,47.5476,-122.012,2160,3968,520000.0,2014-10-28,1999.0,high-high,1080.0,3.9787037037037036,low-low,True,240.74074074074073,271.42857142857144,0.1199784262198191,15,2005.8823529411766,25.712698062727153,7.0,1.3,7.0,5.0
5416510200,4,2.5,2380,4913,2.0,False,0.0,3,8,2380,0,2006,,98038,47.3607,-122.038,2580,5311,384950.0,2014-09-29,2006.0,high-high,1190.0,4.128571428571429,low-low,True,161.7436974789916,170.92592592592592,0.05521731289194823,21,2003.0555555555557,35.90419985309018,6.0,4.3,4.0,5.0
3630110510,3,2.5,1920,3867,2.0,False,0.0,3,8,1920,0,2005,,98029,47.5538,-121.994,2190,3841,571000.0,2014-08-04,2005.0,high-high,960.0,4.028125,low-low,True,297.3958333333333,271.42857142857144,-0.09136500751710142,37,2007.3076923076924,26.846260803112592,2.8,8.1,4.0,4.9
3629960170,3,3.25,1710,1960,2.0,False,0.0,3,8,1360,350,2004,,98029,47.5479,-122.003,1420,955,445000.0,2014-10-21,2004.0,high-high,680.0,2.8823529411764706,low-low,True,260.233918128655,271.42857142857144,0.042118104447546906,22,2003.875,26.35481894123927,5.6,4.6,4.0,4.9
8929000140,4,2.5,1540,1860,2.0,False,0.0,3,8,1540,0,2014,,98029,47.5521,-121.999,1210,1090,491234.0,2014-06-23,2014.0,high-high,770.0,2.4155844155844157,low-low,True,318.9831168831169,271.42857142857144,-0.1614391601537468,48,2008.2745098039215,26.526980393460704,1.8,9.4,4.0,4.9
8138870530,2,2.5,1590,1426,2.0,False,0.0,3,8,1590,0,2014,,98029,47.5441,-122.013,1590,1426,419190.0,2014-05-05,2014.0,high-high,795.0,1.7937106918238994,low-low,True,263.64150943396226,271.42857142857144,0.02910875457089255,24,2009.1538461538462,25.74878130188064,5.4,4.9,4.0,4.9
8138870060,2,2.5,1590,1679,2.0,False,0.0,3,8,1590,0,2012,,98029,47.5449,-122.011,1590,1680,395825.0,2014-08-13,2012.0,high-high,795.0,2.1119496855345914,low-low,True,248.94654088050314,271.42857142857144,0.0864608379438609,19,2008.1904761904761,25.86759251907591,6.4,3.5,4.0,4.9
9274201809,3,2.5,1920,1649,2.5,False,0.0,3,8,1600,320,2004,,98116,47.5901,-122.388,1650,3053,542500.0,2014-11-19,2004.0,high-high,640.0,2.5765625,low-low,True,282.5520833333333,335.8507320453955,0.1728039120151792,15,1976.6785714285713,4.067251895106651,7.9,1.3,4.0,4.8
9828701488,2,1.0,880,1165,2.0,False,0.0,3,8,880,0,2005,,98122,47.6192,-122.297,1640,3825,360000.0,2015-05-04,2005.0,high-high,440.0,2.647727272727273,low-low,True,409.09090909090907,356.65223144472515,-0.13717623757611827,41,1983.9056603773586,3.548971821662935,2.1,8.6,4.0,4.8
2770601677,3,3.5,1570,1486,2.5,False,0.0,3,8,1330,240,2000,,98199,47.652,-122.384,1610,1486,494000.0,2015-04-22,2000.0,high-high,532.0,2.793233082706767,low-low,True,314.6496815286624,354.3046357615894,0.11869719824146768,17,1988.32,5.651059775583195,7.0,2.5,4.0,4.8
3629990110,3,2.25,1630,2520,2.0,False,0.0,3,7,1630,0,2005,,98029,47.5493,-121.998,1630,3131,475000.0,2014-06-11,2005.0,high-high,815.0,3.0920245398773005,low-low,True,291.41104294478527,271.42857142857144,-0.07103577311675165,47,2007.8,26.677120301434915,3.1,9.2,1.0,4.8
3277801592,3,2.0,1820,1358,3.0,False,0.0,3,9,1820,0,2014,,98126,47.5433,-122.376,1710,1367,479950.0,2014-09-25,2014.0,high-high,606.6666666666666,2.2384615384615385,low-low,True,263.7087912087912,274.4500239120038,0.03992375140204767,17,1976.7,7.806545325706971,5.5,2.5,7.0,4.8
291310120,3,2.25,1410,1332,2.0,False,0.0,3,7,1290,120,2004,,98027,47.5345,-122.069,1445,1290,355000.0,2014-12-09,2004.0,high-high,645.0,2.0651162790697675,low-low,True,251.77304964539007,251.24289480187824,-0.002107905507432549,33,2005.9285714285713,22.135324469757222,4.7,7.2,1.0,4.8
9828702335,2,2.0,1140,690,2.0,False,0.0,3,8,760,380,2014,,98112,47.6205,-122.3,1480,1171,570000.0,2015-02-12,2014.0,high-high,380.0,1.8157894736842106,low-low,True,500.0,424.24242424242425,-0.1643030512912763,46,1983.0555555555557,3.383491000337885,1.8,9.1,4.0,4.8
7202310010,3,2.5,2620,4800,2.0,False,0.0,3,7,2620,0,2002,,98053,47.6849,-122.037,2400,4756,597500.0,2014-10-20,2002.0,high-high,1310.0,3.66412213740458,low-low,True,228.05343511450383,268.58698630136985,0.16359486677614235,18,2002.4,24.34402714373335,7.7,3.1,1.0,4.8
1523300157,2,0.75,1020,1076,2.0,False,0.0,3,7,1020,0,2008,,98144,47.5941,-122.299,1020,1357,325000.0,2014-10-15,2008.0,high-high,510.0,2.1098039215686275,low-low,True,318.62745098039215,302.63157894736844,-0.05150640040860209,39,1983.64,3.6742264117872545,3.6,8.4,1.0,4.7
3278611450,4,2.25,1850,2340,2.5,False,0.0,3,8,1850,0,2014,,98126,47.543,-122.372,1850,2340,496800.0,2015-03-26,2014.0,high-high,740.0,3.1621621621621623,low-low,True,268.5405405405405,274.4500239120038,0.021767290593853975,22,2001.0384615384614,7.746250866169809,5.2,4.6,4.0,4.7
7852130430,4,2.5,2390,5021,2.0,False,0.0,3,7,2390,0,2002,,98065,47.5353,-121.879,2520,5333,425000.0,2014-08-06,2002.0,high-high,1195.0,4.201673640167364,low-low,True,177.82426778242677,206.38030929611443,0.14892482537835428,18,2001.5,35.71969518062643,7.6,3.1,1.0,4.7
3630020430,3,2.5,1470,1445,2.0,False,0.0,3,8,1160,310,2005,,98029,47.5468,-121.998,1470,1525,420000.0,2015-05-05,2005.0,high-high,580.0,2.4913793103448274,low-low,True,285.7142857142857,271.42857142857144,-0.05129329438755046,30,2004.4878048780488,26.74905327795038,3.6,6.6,4.0,4.7
3629960680,2,2.25,1620,1841,2.0,False,0.0,3,8,1540,80,2004,,98029,47.5483,-122.004,1530,1831,395000.0,2014-09-26,2004.0,high-high,770.0,2.390909090909091,low-low,True,243.82716049382717,271.42857142857144,0.10723940044238933,17,2003.3684210526317,26.270724023472244,6.8,2.5,4.0,4.7
8562770250,3,2.5,2280,2289,2.0,False,0.0,3,8,1880,400,2006,,98027,47.5375,-122.073,2280,2425,535000.0,2014-05-07,2006.0,high-high,940.0,2.4351063829787236,low-low,True,234.64912280701753,251.24289480187824,0.06832887564824923,18,2004.96,21.731810869350372,6.2,3.1,4.0,4.7
291300010,3,2.25,1445,1471,2.0,False,0.0,3,7,1300,145,2003,,98027,47.5342,-122.072,1410,1399,389999.0,2014-05-21,2003.0,high-high,650.0,2.263076923076923,low-low,True,269.89550173010383,251.24289480187824,-0.07161467387553894,43,2007.1063829787233,21.939905183952167,3.1,8.8,1.0,4.7
3869900139,3,2.25,1590,926,3.0,False,0.0,3,8,1590,0,2014,,98136,47.5402,-122.387,1640,1321,484950.0,2015-01-07,2014.0,high-high,530.0,1.7471698113207548,low-low,True,305.0,319.44444444444446,0.04627159928781993,20,1969.8,8.427146335067611,5.7,3.9,4.0,4.7
8562780290,2,2.25,1260,1032,2.0,False,0.0,3,7,1170,90,2008,,98027,47.5323,-122.072,1240,809,329950.0,2014-10-15,2008.0,high-high,585.0,1.764102564102564,low-low,True,261.86507936507934,251.24289480187824,-0.04140922728813757,34,2008.8055555555557,22.02195015768586,3.8,7.5,1.0,4.6
1972200259,2,2.5,1150,1027,3.0,False,0.0,3,8,1150,0,2008,,98103,47.6534,-122.356,1360,1210,425000.0,2014-05-07,2008.0,high-high,383.3333333333333,2.679130434782609,low-low,True,369.5652173913044,360.4703998615198,-0.024917381762560146,27,1977.75,4.968031433337177,4.1,5.7,4.0,4.6
3630020150,3,2.5,1480,1386,3.0,False,0.0,3,8,1480,0,2005,,98029,47.5468,-121.998,1470,1593,425000.0,2015-03-10,2005.0,high-high,493.3333333333333,2.8094594594594597,low-low,True,287.1621621621622,271.42857142857144,-0.05634806504917467,30,2004.4878048780488,26.74905327795038,3.4,6.6,4.0,4.6
2770601775,3,2.5,1230,922,2.0,False,0.0,3,8,1080,150,2009,,98199,47.6518,-122.384,1230,1237,399950.0,2014-11-28,2009.0,high-high,540.0,1.7074074074074075,low-low,True,325.1626016260163,354.3046357615894,0.08583172615866884,17,1988.32,5.6325664284670856,6.4,2.5,4.0,4.6
291300170,3,2.25,1445,1606,2.0,False,0.0,3,7,1300,145,2003,,98027,47.5348,-122.072,1410,1286,387000.0,2014-05-09,2003.0,high-high,650.0,2.4707692307692306,low-low,True,267.8200692041523,251.24289480187824,-0.06389519188748007,38,2006.642857142857,21.91435558838706,3.3,8.2,1.0,4.6
3869900138,3,2.25,1590,926,3.0,False,0.0,3,8,1590,0,2014,,98136,47.5402,-122.387,1640,1321,489950.0,2015-02-23,2014.0,high-high,530.0,1.7471698113207548,low-low,True,308.1446540880503,319.44444444444446,0.036014047045544215,20,1969.8,8.427146335067611,5.5,3.9,4.0,4.6
2768200209,2,2.5,1500,1174,2.0,False,0.0,3,8,1140,360,2014,,98107,47.6689,-122.363,1550,1519,529950.0,2014-10-06,2014.0,high-high,570.0,2.0596491228070177,low-low,True,353.3,372.80056759545926,0.05372605096518625,18,1962.2941176470588,6.7646909926264085,5.9,3.1,4.0,4.5
5422950040,5,2.75,2910,5802,2.0,False,0.0,3,7,2910,0,2006,,98038,47.3591,-122.036,2910,5000,410000.0,2014-07-25,2006.0,high-high,1455.0,3.9876288659793815,low-low,True,140.89347079037802,170.92592592592592,0.19322620241767105,16,2001.4516129032259,36.13729919127681,8.1,1.8,1.0,4.5
7852130080,3,2.5,2600,4724,2.0,False,0.0,3,7,2600,0,2002,,98065,47.5359,-121.878,2400,4724,444500.0,2014-09-25,2002.0,high-high,1300.0,3.6338461538461537,low-low,True,170.96153846153845,206.38030929611443,0.18828201843282885,16,2001.7297297297298,35.777122010347995,8.0,1.8,1.0,4.5
3052700419,3,2.5,1350,1186,2.0,False,0.0,3,8,1120,230,2007,,98117,47.6786,-122.375,1500,1605,468500.0,2014-06-16,2007.0,high-high,560.0,2.117857142857143,low-low,True,347.037037037037,344.2028985507246,-0.008200204362610817,23,1961.7297297297298,8.045743342033049,4.6,4.7,4.0,4.5
476000331,3,2.5,1300,1187,3.0,False,0.0,3,8,1300,0,2005,,98107,47.6704,-122.391,1320,1194,505500.0,2014-12-02,2005.0,high-high,433.3333333333333,2.7392307692307694,low-low,True,388.84615384615387,372.80056759545926,-0.04214016866274931,27,1982.735294117647,7.67618275661776,3.8,5.7,4.0,4.5
2771101964,3,1.5,1360,1488,2.0,False,0.0,3,7,1120,240,2003,,98199,47.6526,-122.384,1360,1573,396500.0,2014-08-12,2003.0,high-high,560.0,2.657142857142857,low-low,True,291.54411764705884,354.3046357615894,0.19496575474223146,16,1990.909090909091,5.706700229091285,8.1,1.8,1.0,4.5
3052700464,3,2.25,1380,1621,2.0,False,0.0,3,8,1140,240,2007,,98117,47.678,-122.375,1460,1403,475000.0,2014-10-24,2007.0,high-high,570.0,2.843859649122807,low-low,True,344.2028985507246,344.2028985507246,0.0,21,1961.6764705882354,7.982244370898155,4.8,4.3,4.0,4.5
2767603505,3,2.25,1170,1249,3.0,False,0.0,3,8,1170,0,2014,,98107,47.6722,-122.381,1350,1310,519950.0,2014-05-07,2014.0,high-high,390.0,3.2025641025641027,low-low,True,444.4017094017094,372.80056759545926,-0.17568529896629123,37,1971.4888888888888,7.533140134800407,1.7,8.1,4.0,4.4
8562780110,2,2.25,1230,1078,2.0,False,0.0,3,7,1160,70,2008,,98027,47.5324,-122.073,1240,817,325000.0,2014-12-02,2008.0,high-high,580.0,1.8586206896551725,low-low,True,264.2276422764228,251.24289480187824,-0.050390833367505036,33,2008.9142857142858,21.94854105924056,3.6,7.2,1.0,4.4
2767704251,3,3.25,1310,1072,2.0,False,0.0,3,8,1060,250,2008,,98107,47.6744,-122.374,1160,1266,514700.0,2015-04-16,2008.0,high-high,530.0,2.0226415094339623,low-low,True,392.90076335877865,372.80056759545926,-0.0525134641153629,27,1962.9512195121952,7.578523705827697,3.5,5.7,4.0,4.4
3630050180,2,1.75,1230,1107,2.0,False,0.0,3,8,1230,0,2006,,98029,47.5475,-121.999,1380,1107,360000.0,2014-09-26,2006.0,high-high,615.0,1.8,low-low,True,292.6829268292683,271.42857142857144,-0.075390845966611,29,2004.6,26.6561924457248,3.0,6.3,4.0,4.4
3277801586,3,2.25,1520,1464,2.0,False,0.0,3,8,1240,280,2010,,98126,47.543,-122.375,1710,1464,380000.0,2015-05-08,2010.0,high-high,620.0,2.361290322580645,low-low,True,250.0,274.4500239120038,0.09330826426064304,16,1978.1153846153845,7.814162789214865,6.5,1.8,4.0,4.4
8562780090,2,2.25,1230,1058,2.0,False,0.0,3,7,1160,70,2008,,98027,47.5325,-122.073,1240,817,325000.0,2015-02-27,2008.0,high-high,580.0,1.8241379310344827,low-low,True,264.2276422764228,251.24289480187824,-0.050390833367505036,33,2008.9142857142858,21.944171161500176,3.6,7.2,1.0,4.4
8562780280,2,2.25,1240,720,2.0,False,0.0,3,7,1150,90,2008,,98027,47.5322,-122.072,1260,810,331000.0,2015-02-20,2008.0,high-high,575.0,1.2521739130434784,low-low,True,266.93548387096774,251.24289480187824,-0.06058681618221106,34,2008.8055555555557,22.02631598278606,3.4,7.5,1.0,4.4
1972200751,2,2.25,1260,1240,3.0,False,0.0,3,8,1260,0,2004,,98103,47.6531,-122.352,1330,1300,485000.0,2014-05-19,2004.0,high-high,420.0,2.9523809523809526,low-low,True,384.92063492063494,360.4703998615198,-0.06562732518739851,28,1979.0294117647059,4.881413460024676,3.3,6.0,4.0,4.4
8562780190,2,2.25,1240,705,2.0,False,0.0,3,7,1150,90,2009,,98027,47.5321,-122.073,1240,750,315000.0,2014-10-07,2009.0,high-high,575.0,1.2260869565217392,low-low,True,254.03225806451613,251.24289480187824,-0.011041079630781221,28,2009.6666666666667,21.96167931496832,4.5,6.0,1.0,4.4
2771602450,2,1.5,1010,2102,2.0,False,0.0,3,7,1010,0,1984,,98119,47.6374,-122.375,1480,2632,370000.0,2014-08-26,1984.0,high-high,505.0,4.1623762376237625,low-low,True,366.33663366336634,416.6527777777778,0.1287005329542339,17,1970.1904761904761,3.940784141749697,7.2,2.5,1.0,4.3
3629920030,4,2.25,1890,3006,2.0,False,0.0,3,7,1890,0,2003,,98029,47.5461,-121.998,1580,3000,520000.0,2014-08-08,2003.0,high-high,945.0,3.1809523809523808,low-low,True,275.13227513227514,271.42857142857144,-0.013552966404703456,28,2004.5405405405406,26.76967717785272,4.4,6.0,1.0,4.3
2771602428,3,2.5,1180,932,3.0,False,0.0,3,8,1180,0,2010,,98119,47.638,-122.375,1180,2632,455000.0,2014-10-29,2010.0,high-high,393.3333333333333,2.369491525423729,low-low,True,385.59322033898303,416.6527777777778,0.07747022726595892,16,1964.2,3.99313800717116,6.3,1.8,4.0,4.3
8562791010,3,2.75,1830,1850,2.0,False,0.0,3,10,1690,140,2011,,98027,47.5307,-122.074,2310,2680,593000.0,2014-07-07,2011.0,high-high,845.0,2.1893491124260356,low-low,True,324.04371584699453,251.24289480187824,-0.2544582525664895,24,2010.6153846153845,21.954780486088964,1.3,4.9,10.0,4.3
2771101963,3,1.5,1270,1318,2.0,False,0.0,3,7,1080,190,2004,,98199,47.6526,-122.384,1360,1488,386000.0,2014-06-11,2004.0,high-high,540.0,2.4407407407407407,low-low,True,303.93700787401576,354.3046357615894,0.15333662707484255,16,1990.909090909091,5.706700229091285,7.6,1.8,1.0,4.3
2767600686,2,1.5,1160,1118,2.0,False,0.0,3,8,1020,140,2007,,98117,47.6754,-122.375,1210,1118,487000.0,2015-03-31,2007.0,high-high,510.0,2.1921568627450982,low-low,True,419.82758620689657,344.2028985507246,-0.19861281309878867,37,1972.3958333333333,7.7077104105050225,1.6,8.1,4.0,4.3
8562770430,3,2.5,2280,2502,2.0,False,0.0,3,8,1880,400,2006,,98027,47.5364,-122.073,2280,2812,567500.0,2014-07-02,2006.0,high-high,940.0,2.6617021276595745,low-low,True,248.90350877192984,251.24289480187824,0.009354873188697871,19,2004.88,21.777489999727973,5.0,3.5,4.0,4.3
1934800162,2,1.5,960,1829,2.0,False,0.0,3,7,960,0,2005,,98122,47.6032,-122.308,1470,1829,386180.0,2015-05-11,2005.0,high-high,480.0,3.810416666666667,low-low,True,402.2708333333333,356.65223144472515,-0.12036441115072553,40,1976.375,2.663890514438188,2.5,8.6,1.0,4.3
2768301525,3,3.25,1570,1777,2.0,False,0.0,3,8,1260,310,2007,,98107,47.6655,-122.369,1000,1777,570000.0,2014-10-23,2007.0,high-high,630.0,2.820634920634921,low-low,True,363.05732484076435,372.80056759545926,0.02648286386190669,18,1973.1666666666667,6.521506642533424,5.3,3.1,4.0,4.3
2767604253,2,1.5,950,865,3.0,False,0.0,3,8,950,0,2006,,98107,47.6714,-122.382,1290,1189,396000.0,2015-04-13,2006.0,high-high,316.6666666666667,2.731578947368421,low-low,True,416.8421052631579,372.80056759545926,-0.11166390031174528,31,1976.3846153846155,7.48070879888744,2.5,6.7,4.0,4.3
3630000130,3,2.25,1470,1703,2.0,False,0.0,3,8,1470,0,2005,,98029,47.5478,-121.999,1380,1107,430000.0,2014-10-28,2005.0,high-high,735.0,2.3170068027210884,low-low,True,292.5170068027211,271.42857142857144,-0.0748237917977446,28,2004.923076923077,26.64748539705482,3.1,6.0,4.0,4.3
8562790940,3,2.75,1840,2060,2.0,False,0.0,3,10,1700,140,2013,,98027,47.53,-122.073,2590,2680,599000.0,2014-12-23,2013.0,high-high,850.0,2.4235294117647057,low-low,True,325.54347826086956,251.24289480187824,-0.2590758469166487,24,2010.6153846153845,22.054840742713363,1.3,4.9,10.0,4.3
3630240020,3,3.0,1960,1168,2.0,False,0.0,3,9,1600,360,2007,,98027,47.5445,-122.014,2080,1423,556000.0,2014-05-21,2007.0,high-high,800.0,1.46,low-low,True,283.6734693877551,251.24289480187824,-0.12140364143025024,23,2009.84,25.6641609165473,2.5,4.7,7.0,4.2
7202340960,3,2.5,2600,4438,2.0,False,0.0,3,7,2600,0,2004,,98053,47.6799,-122.034,2600,4904,581000.0,2014-09-08,2004.0,high-high,1300.0,3.413846153846154,not significant,True,223.46153846153845,268.58698630136985,0.18393552098432783,15,2003.6451612903227,24.372535096194767,8.0,1.3,1.0,4.2
3869900136,3,2.25,1670,1596,3.0,False,0.0,3,8,1670,0,2014,,98136,47.5402,-122.387,1640,1310,539950.0,2014-12-19,2014.0,high-high,556.6666666666666,2.8670658682634733,low-low,True,323.32335329341316,319.44444444444446,-0.012069540354873553,20,1969.8,8.427146335067611,4.5,3.9,4.0,4.2
3630000080,3,2.5,1480,1961,2.0,False,0.0,3,8,1480,0,2005,,98029,47.5478,-122.0,1400,1138,450000.0,2014-06-06,2005.0,high-high,740.0,2.65,low-low,True,304.05405405405406,271.42857142857144,-0.11350647888912314,29,2004.3947368421052,26.575028603353694,2.5,6.3,4.0,4.2
2767604247,2,2.5,1140,1181,3.0,False,0.0,3,8,1140,0,2007,,98107,47.6713,-122.383,1220,1189,467000.0,2014-07-11,2007.0,high-high,380.0,3.107894736842105,low-low,True,409.64912280701753,372.80056759545926,-0.09425738993220734,29,1979.972972972973,7.500732543995342,2.7,6.3,4.0,4.2
4318200440,3,2.25,1470,1578,2.0,False,0.0,3,8,1090,380,2007,,98136,47.5388,-122.387,1470,1668,432000.0,2014-05-22,2007.0,high-high,545.0,2.8954128440366973,low-low,True,293.8775510204082,319.44444444444446,0.08342018844176602,15,1972.0689655172414,8.57014738268946,6.4,1.3,4.0,4.1
9268851800,3,2.25,1620,998,2.5,False,0.0,3,8,1540,80,2010,,98027,47.5401,-122.027,1620,1299,415000.0,2014-05-05,2010.0,high-high,616.0,1.62012987012987,low-low,True,256.17283950617286,251.24289480187824,-0.019432191408499326,20,2009.3809523809523,24.87903374312631,4.3,3.9,4.0,4.1
1773100926,3,3.25,1530,1602,2.0,False,0.0,3,8,1140,390,2013,,98106,47.5555,-122.362,1450,1198,320000.0,2014-06-03,2013.0,high-high,570.0,2.8105263157894735,low-low,True,209.15032679738562,215.9090909090909,0.031804183280942824,17,1986.8064516129032,6.2070405547537995,5.4,2.5,4.0,4.1
2767603962,2,1.75,1070,1276,3.0,False,0.0,3,8,1070,0,2006,,98107,47.6719,-122.39,1290,2057,462550.0,2015-04-14,2006.0,high-high,356.6666666666667,3.5775700934579437,low-low,True,432.2897196261682,372.80056759545926,-0.14805240541322695,32,1983.0487804878048,7.788487331897004,2.0,6.9,4.0,4.1
1972200554,3,2.25,1480,1026,3.0,False,0.0,3,8,1480,0,2014,,98103,47.6536,-122.354,1570,1283,580000.0,2014-08-04,2014.0,high-high,493.3333333333333,2.07972972972973,low-low,True,391.8918918918919,360.4703998615198,-0.08357617097774317,27,1980.0294117647059,4.9608935180619875,3.0,5.7,4.0,4.1
567000392,2,2.0,920,1201,2.0,False,0.0,3,8,800,120,2009,,98144,47.5926,-122.295,1150,1161,363000.0,2014-11-03,2009.0,high-high,400.0,3.0025,low-low,True,394.5652173913044,302.63157894736844,-0.26526828857894624,36,1986.2156862745098,4.017397387638971,1.3,7.9,4.0,4.1
291310390,3,2.25,1445,1087,2.0,False,0.0,3,7,1300,145,2005,,98027,47.5339,-122.067,1410,1336,355000.0,2014-09-04,2005.0,high-high,650.0,1.6723076923076923,low-low,True,245.67474048442907,251.24289480187824,0.022411711666885988,21,2005.4444444444443,22.299557863423093,5.2,4.3,1.0,4.1
8562780540,2,2.25,1150,711,2.0,False,0.0,3,7,1150,0,2013,,98027,47.5323,-122.07,1150,748,325000.0,2014-12-22,2013.0,high-high,575.0,1.2365217391304348,low-low,True,282.60869565217394,251.24289480187824,-0.11764306037667252,36,2008.078947368421,22.16013577034067,2.5,7.9,1.0,4.1
8730000270,2,2.75,1370,1140,2.0,False,0.0,3,8,1080,290,2009,,98133,47.7052,-122.343,1370,1090,359000.0,2015-05-14,2009.0,high-high,540.0,2.111111111111111,low-low,True,262.04379562043795,245.09803921568627,-0.06685335808217854,25,1973.5777777777778,10.619284531761489,3.2,5.0,4.0,4.0
1773100922,3,3.25,1480,983,2.0,False,0.0,3,8,1180,300,2013,,98106,47.5555,-122.363,1330,1062,315000.0,2014-12-08,2013.0,high-high,590.0,1.6661016949152543,low-low,True,212.83783783783784,215.9090909090909,0.014326892620761702,17,1986.8064516129032,6.22541174124535,5.1,2.5,4.0,4.0
8562780160,2,2.25,1240,750,2.0,False,0.0,3,7,1150,90,2008,,98027,47.5322,-122.073,1240,750,334950.0,2015-03-29,2008.0,high-high,575.0,1.3043478260869565,low-low,True,270.1209677419355,251.24289480187824,-0.07244970775942468,32,2009.0294117647059,21.957295138821642,3.1,6.9,1.0,4.0
1972200227,3,1.5,1160,1031,3.0,False,0.0,3,8,1160,0,2008,,98103,47.6538,-122.357,1268,1688,459000.0,2014-10-07,2008.0,high-high,386.6666666666667,2.6663793103448277,low-low,True,395.6896551724138,360.4703998615198,-0.09322036015557372,27,1975.7428571428572,5.0275394107356615,2.7,5.7,4.0,4.0
8562780490,3,2.5,1150,683,2.0,False,0.0,3,7,1150,0,2013,,98027,47.5323,-122.071,1150,755,335000.0,2015-02-23,2013.0,high-high,575.0,1.1878260869565218,low-low,True,291.30434782608694,251.24289480187824,-0.1479484098720013,39,2008.341463414634,22.091023629706573,2.0,8.4,1.0,4.0
2767604252,1,1.5,760,779,3.0,False,0.0,3,8,760,0,2006,,98107,47.6715,-122.382,1290,1189,344000.0,2015-01-12,2006.0,high-high,253.33333333333334,3.0749999999999997,low-low,True,452.63157894736844,372.80056759545926,-0.1940348977448729,32,1976.7,7.490906911146741,1.6,6.9,4.0,4.0
3630020090,3,2.5,1470,1741,2.0,False,0.0,3,8,1170,300,2004,,98029,47.5464,-121.999,1470,1583,454280.0,2015-05-04,2004.0,high-high,585.0,2.976068376068376,low-low,True,309.03401360544217,271.42857142857144,-0.12975233113358198,29,2004.5384615384614,26.68845071568101,2.3,6.3,4.0,4.0
8562780530,2,2.25,1150,711,2.0,False,0.0,3,7,1150,0,2013,,98027,47.5323,-122.071,1150,748,338500.0,2015-03-28,2013.0,high-high,575.0,1.2365217391304348,low-low,True,294.3478260869565,251.24289480187824,-0.15834197039926462,39,2008.341463414634,22.091023629706573,1.9,8.4,1.0,4.0
7852030320,3,2.5,2620,4874,2.0,False,0.0,3,7,2620,0,1999,,98065,47.5328,-121.879,2360,4231,470000.0,2015-02-17,1999.0,high-high,1310.0,3.7206106870229005,low-low,True,179.38931297709922,206.38030929611443,0.14016225142825303,15,2000.6538461538462,35.78590524003681,7.4,1.3,1.0,4.0
1972200382,2,1.5,1010,948,3.0,False,0.0,3,8,1010,0,1999,,98103,47.6529,-122.355,1330,1318,387000.0,2014-11-21,1999.0,high-high,336.6666666666667,2.8158415841584157,low-low,True,383.16831683168317,360.4703998615198,-0.061064517389915696,24,1985.3870967741937,4.898444133524328,3.4,4.9,4.0,4.0
9268850030,3,2.25,1620,1075,3.0,False,0.0,3,8,1540,80,2009,,98027,47.5405,-122.026,1620,1237,420000.0,2014-07-07,2009.0,high-high,513.3333333333334,2.094155844155844,low-low,True,259.25925925925924,251.24289480187824,-0.03140838245521481,20,2009.3809523809523,24.93649113880645,4.0,3.9,4.0,4.0
9834201367,3,2.0,1490,1126,3.0,False,0.0,3,8,1490,0,2014,,98144,47.5699,-122.288,1400,1230,429000.0,2015-01-26,2014.0,high-high,496.6666666666667,2.2671140939597314,low-low,True,287.91946308724835,302.63157894736844,0.0498353556543064,15,1966.030303030303,6.008907967966157,5.8,1.3,4.0,3.9
2771602420,3,2.5,1180,1262,3.0,False,0.0,3,8,1180,0,2010,,98119,47.6381,-122.375,1180,2632,472000.0,2014-06-17,2010.0,high-high,393.3333333333333,3.2084745762711866,low-low,True,400.0,416.6527777777778,0.04078866063135407,16,1967.2631578947369,4.0019051997976245,5.6,1.8,4.0,3.9
8562770490,3,2.5,2140,2867,2.0,False,0.0,3,8,1960,180,2005,,98027,47.5357,-122.073,2280,2836,571000.0,2015-03-30,2005.0,high-high,980.0,2.9255102040816325,low-low,True,266.8224299065421,251.24289480187824,-0.06016320104434385,22,2005.8461538461538,21.80686592368068,3.4,4.6,4.0,3.9
2768200210,2,2.5,1320,1157,2.0,False,0.0,3,8,990,330,2014,,98107,47.6689,-122.363,1550,1519,499000.0,2014-08-25,2014.0,high-high,495.0,2.3373737373737375,low-low,True,378.030303030303,372.80056759545926,-0.013930753822953248,18,1962.2941176470588,6.7646909926264085,4.4,3.1,4.0,3.9
2768301482,3,2.25,1280,1520,2.0,False,0.0,3,8,1080,200,2008,,98107,47.6651,-122.368,1280,1681,490000.0,2014-08-21,2008.0,high-high,540.0,2.814814814814815,low-low,True,382.8125,372.80056759545926,-0.026501707842860628,19,1971.7037037037037,6.456378914611283,4.1,3.5,4.0,3.9
291310150,3,2.25,1410,1290,2.0,False,0.0,3,7,1290,120,2004,,98027,47.5345,-122.069,1490,1380,391000.0,2014-06-02,2004.0,high-high,645.0,2.0,low-low,True,277.3049645390071,251.24289480187824,-0.09869767601738241,33,2005.9285714285713,22.135324469757222,2.7,7.2,1.0,3.9
2768200212,2,2.5,1320,1157,2.0,False,0.0,3,8,990,330,2014,,98107,47.6689,-122.363,1550,1519,499950.0,2014-09-11,2014.0,high-high,495.0,2.3373737373737375,low-low,True,378.75,372.80056759545926,-0.015832751493293083,18,1962.2941176470588,6.7646909926264085,4.4,3.1,4.0,3.9
291310610,3,2.25,1445,1512,2.0,False,0.0,3,7,1300,145,2004,,98027,47.5341,-122.069,1445,1082,415000.0,2015-02-27,2004.0,high-high,650.0,2.3261538461538462,low-low,True,287.19723183391005,251.24289480187824,-0.1337490190883965,35,2006.159090909091,22.152237135179522,2.2,7.7,1.0,3.9
8562780430,2,1.75,1150,698,2.0,False,0.0,3,7,1150,0,2013,,98027,47.5323,-122.071,1150,757,346100.0,2015-05-04,2013.0,high-high,575.0,1.2139130434782608,low-low,True,300.95652173913044,251.24289480187824,-0.18054562868823348,39,2008.341463414634,22.091023629706573,1.7,8.4,1.0,3.9
8682260870,2,2.0,1300,4659,1.0,False,0.0,3,8,1300,0,2005,,98053,47.7132,-122.033,1640,4780,344000.0,2014-09-12,2005.0,high-high,1300.0,3.583846153846154,low-low,True,264.61538461538464,268.58698630136985,0.014897439902895125,16,2004.157894736842,25.85847668076099,5.1,1.8,4.0,3.8
7202330790,3,2.0,2120,4080,2.0,False,0.0,3,7,2120,0,2003,,98053,47.682,-122.037,2280,4080,535000.0,2014-06-18,2003.0,high-high,1060.0,3.849056603773585,low-low,True,252.35849056603774,268.58698630136985,0.062324174596717054,17,2003.3030303030303,24.235756053445566,6.1,2.5,1.0,3.8
2768301476,3,2.25,1280,1517,2.0,False,0.0,3,8,1080,200,2008,,98107,47.6651,-122.368,1280,1681,495000.0,2014-11-24,2008.0,high-high,540.0,2.8092592592592593,low-low,True,386.71875,372.80056759545926,-0.03665407930687863,19,1971.7037037037037,6.456378914611283,3.9,3.5,4.0,3.8
8673400052,3,2.75,1370,1193,3.0,False,0.0,3,8,1370,0,2003,,98107,47.67,-122.392,1320,1180,560000.0,2015-04-03,2003.0,high-high,456.6666666666667,2.6124087591240874,low-low,True,408.75912408759126,372.80056759545926,-0.09208243855887564,25,1982.483870967742,7.673260149593557,2.8,5.0,4.0,3.8
291310370,3,2.25,1445,1028,2.0,False,0.0,3,7,1300,145,2005,,98027,47.5339,-122.067,1445,1377,366000.0,2014-08-29,2005.0,high-high,650.0,1.5815384615384616,low-low,True,253.28719723183391,251.24289480187824,-0.008103832259064437,21,2005.4444444444443,22.299557863423093,4.6,4.3,1.0,3.8
9834201366,3,2.0,1490,1286,3.0,False,0.0,3,8,1490,0,2014,,98144,47.57,-122.288,1420,1230,429900.0,2014-12-16,2014.0,high-high,496.6666666666667,2.589261744966443,low-low,True,288.5234899328859,302.63157894736844,0.04773965108008762,15,1966.030303030303,6.000720551508651,5.8,1.3,4.0,3.8
3037200010,2,2.25,1180,2090,2.0,False,0.0,3,7,1180,0,2004,,98122,47.6032,-122.31,1550,2812,447500.0,2015-03-05,2004.0,high-high,590.0,3.542372881355932,low-low,True,379.23728813559325,356.65223144472515,-0.06140093385341453,28,1969.921052631579,2.5199037584817168,3.4,6.0,1.0,3.8
2770601769,3,2.25,1230,1238,2.0,False,0.0,3,8,1080,150,2009,,98199,47.6519,-122.384,1230,953,435000.0,2014-06-17,2009.0,high-high,540.0,2.2925925925925927,low-low,True,353.6585365853659,354.3046357615894,0.0018252343648155617,17,1988.32,5.641809721715833,4.8,2.5,4.0,3.8
476000338,3,2.0,1250,1306,3.0,False,0.0,3,7,1250,0,2000,,98107,47.6705,-122.39,1320,1306,491000.0,2015-02-25,2000.0,high-high,416.6666666666667,3.1344,low-low,True,392.8,372.80056759545926,-0.05225697115002509,27,1986.8181818181818,7.650604184015234,3.5,5.7,1.0,3.8
9268851860,3,2.25,1620,997,2.5,False,0.0,3,8,1540,80,2010,,98027,47.54,-122.026,1620,1068,425000.0,2014-09-18,2010.0,high-high,616.0,1.6185064935064934,low-low,True,262.34567901234567,251.24289480187824,-0.04324284010221774,20,2009.3809523809523,24.953810519369284,3.7,3.9,4.0,3.8
1773100920,3,3.25,1480,1192,2.0,False,0.0,3,8,1180,300,2013,,98106,47.5556,-122.363,1330,1094,320000.0,2014-12-11,2013.0,high-high,590.0,2.0203389830508476,low-low,True,216.21621621621622,215.9090909090909,-0.0014214643473775366,17,1987.46875,6.214647311480786,4.7,2.5,4.0,3.8
8562750320,3,2.5,2320,3980,2.0,False,0.0,3,8,2320,0,2003,,98027,47.5391,-122.07,2580,3980,580500.0,2014-11-10,2003.0,high-high,1160.0,3.4310344827586206,low-low,True,250.2155172413793,251.24289480187824,0.004097564118178679,17,2004.88,21.876336053780516,4.9,2.5,4.0,3.8
3052700460,3,2.5,1460,1613,2.0,False,0.0,3,8,1180,280,2007,,98117,47.6781,-122.375,1460,1403,544000.0,2014-06-30,2007.0,high-high,590.0,2.733898305084746,low-low,True,372.6027397260274,344.2028985507246,-0.07928150627016972,23,1963.3055555555557,7.992823892052757,3.0,4.7,4.0,3.8
7202340820,4,2.5,2480,5000,2.0,False,0.0,3,7,2480,0,2004,,98053,47.6811,-122.035,2410,5000,599000.0,2014-10-28,2004.0,high-high,1240.0,4.032258064516129,low-low,True,241.53225806451613,268.58698630136985,0.106171794870244,15,2003.5428571428572,24.344516461201913,6.7,1.3,1.0,3.7
1972200428,3,2.5,1400,1312,3.5,False,0.0,3,8,1400,0,2007,,98103,47.6534,-122.355,1350,1312,563500.0,2014-06-25,2007.0,high-high,400.0,3.28,low-low,True,402.5,360.4703998615198,-0.11028525207192001,25,1981.878787878788,4.9529764250012915,2.6,5.0,4.0,3.7
8562770320,3,2.5,2140,4126,2.0,False,0.0,3,8,1960,180,2005,,98027,47.5368,-122.073,2280,2615,554000.0,2015-01-14,2005.0,high-high,980.0,4.210204081632653,low-low,True,258.8785046728972,251.24289480187824,-0.029938678135617302,18,2004.84,21.76081095478741,4.1,3.1,4.0,3.7
1972200426,2,2.75,1310,1268,3.5,False,0.0,3,8,1310,0,2007,,98103,47.6534,-122.355,1350,1288,525000.0,2014-09-18,2007.0,high-high,374.2857142857143,3.387786259541985,low-low,True,400.76335877862596,360.4703998615198,-0.10596128059186549,25,1981.878787878788,4.9529764250012915,2.6,5.0,4.0,3.7
1523300141,2,0.75,1020,1350,2.0,False,0.0,3,7,1020,0,2009,,98144,47.5944,-122.299,1020,2007,402101.0,2014-06-23,2009.0,high-high,510.0,2.6470588235294117,low-low,True,394.21666666666664,302.63157894736844,-0.2643845189225468,38,1981.3877551020407,3.658587487848967,1.3,8.2,1.0,3.7
3278613060,4,2.5,1900,2766,2.0,False,0.0,3,8,1900,0,2014,,98106,47.543,-122.368,1900,2604,425000.0,2014-08-05,2014.0,high-high,950.0,2.911578947368421,low-low,True,223.68421052631578,215.9090909090909,-0.03537783908165104,18,2008.5238095238096,7.665048796466839,4.0,3.1,4.0,3.7
1972200660,2,1.5,1120,1201,3.0,False,0.0,3,8,1120,0,1999,,98103,47.6524,-122.353,1370,1298,465000.0,2015-04-15,1999.0,high-high,373.3333333333333,3.216964285714286,low-low,True,415.17857142857144,360.4703998615198,-0.14129887549365508,26,1988.5172413793102,4.816500823213674,2.1,5.3,4.0,3.6
1523300180,1,1.0,730,1942,1.0,False,0.0,3,7,730,0,2008,,98144,47.5939,-122.299,1020,2183,321500.0,2014-07-09,2008.0,high-high,730.0,2.66027397260274,low-low,True,440.4109589041096,302.63157894736844,-0.3751921338924186,38,1983.3469387755101,3.6847832639147735,1.1,8.2,1.0,3.6
291310180,3,2.25,1410,1287,2.0,False,0.0,3,7,1290,120,2005,,98027,47.5344,-122.068,1490,1435,379500.0,2014-06-13,2005.0,high-high,645.0,1.9953488372093022,low-low,True,269.1489361702128,251.24289480187824,-0.06884471286770139,27,2005.8055555555557,22.209010665579402,3.2,5.7,1.0,3.6
1523300140,1,1.0,730,1942,1.0,False,0.0,3,7,730,0,2009,,98144,47.5943,-122.299,1020,2044,325000.0,2014-09-04,2009.0,high-high,730.0,2.66027397260274,low-low,True,445.2054794520548,302.63157894736844,-0.38601977254448205,39,1979.94,3.6637741323637627,1.1,8.4,1.0,3.6
567000381,2,1.5,980,853,2.0,False,0.0,3,7,820,160,2009,,98144,47.5925,-122.295,1130,1270,378000.0,2015-03-28,2009.0,high-high,410.0,2.080487804878049,low-low,True,385.7142857142857,302.63157894736844,-0.24258074831215148,36,1986.86,4.022675141433943,1.4,7.9,1.0,3.6
1972200325,2,2.25,1260,1312,3.0,False,0.0,3,8,1260,0,2007,,98103,47.6538,-122.356,1300,1312,530000.0,2014-09-19,2007.0,high-high,420.0,3.123809523809524,low-low,True,420.63492063492066,360.4703998615198,-0.15435544079608288,27,1977.75,5.011542952114593,1.9,5.7,4.0,3.6
567000385,2,1.5,940,1768,2.0,False,0.0,3,7,940,0,2009,,98144,47.5925,-122.295,1130,1159,362500.0,2014-06-23,2009.0,high-high,470.0,3.7617021276595746,low-low,True,385.63829787234044,302.63157894736844,-0.24238372338786124,36,1986.86,4.022675141433943,1.4,7.9,1.0,3.6
7852040080,4,2.5,2400,3986,2.0,False,0.0,3,8,2400,0,1999,,98065,47.5344,-121.877,2070,3986,487275.0,2015-04-21,1999.0,high-high,1200.0,3.3216666666666668,low-low,True,203.03125,206.38030929611443,0.016360720278547344,15,2000.90625,35.8891757712423,5.2,1.3,4.0,3.6
1773100924,3,3.25,1450,1387,2.0,False,0.0,3,8,1180,270,2013,,98106,47.5556,-122.362,1450,1198,320000.0,2014-07-08,2013.0,high-high,590.0,2.3508474576271188,low-low,True,220.68965517241378,215.9090909090909,-0.021899995690918106,17,1986.8064516129032,6.19624424489713,4.2,2.5,4.0,3.6
567000382,2,1.0,780,1133,2.0,False,0.0,3,7,780,0,2009,,98144,47.5924,-122.295,1130,1270,370000.0,2014-11-10,2009.0,high-high,390.0,2.905128205128205,low-low,True,474.35897435897436,302.63157894736844,-0.449448210311814,37,1985.686274509804,4.027976676077828,1.0,8.1,1.0,3.5
3629950010,3,3.25,1710,2381,2.0,False,0.0,3,8,1360,350,2003,,98029,47.5477,-122.004,1420,1163,470000.0,2014-08-20,2003.0,high-high,680.0,3.501470588235294,low-low,True,274.85380116959067,271.42857142857144,-0.012540308090317283,16,2003.2777777777778,26.288281869699798,4.5,1.8,4.0,3.5
1972200326,2,2.25,1300,1314,3.0,False,0.0,3,8,1300,0,2008,,98103,47.6536,-122.356,1300,1312,562000.0,2015-04-22,2008.0,high-high,433.3333333333333,3.0323076923076924,low-low,True,432.3076923076923,360.4703998615198,-0.181727740639502,27,1977.75,4.989785062434426,1.7,5.7,4.0,3.5
9834201375,3,2.25,1420,1230,2.0,False,0.0,3,8,940,480,2009,,98144,47.5703,-122.288,1400,1230,425000.0,2015-02-06,2009.0,high-high,470.0,2.617021276595745,low-low,True,299.2957746478873,302.63157894736844,0.011083857313708412,15,1966.030303030303,5.976215137019069,5.0,1.3,4.0,3.5
7852130460,4,3.0,2520,4104,2.0,False,0.0,3,7,2520,0,2002,,98065,47.5352,-121.88,2510,5015,500000.0,2015-03-25,2002.0,high-high,1260.0,3.257142857142857,not significant,True,198.4126984126984,206.38030929611443,0.03937143146049194,17,2001.4516129032259,35.64933555990837,5.5,2.5,1.0,3.5
7852040110,3,2.5,2070,3986,2.0,False,0.0,3,8,2070,0,1999,,98065,47.5348,-121.877,2090,3986,423700.0,2014-09-08,1999.0,high-high,1035.0,3.851207729468599,low-low,True,204.68599033816426,206.38030929611443,0.008243578004115784,15,2001.121212121212,35.8786955675841,5.0,1.3,4.0,3.5
1773100416,3,2.5,1410,1325,2.0,False,0.0,3,7,1180,230,2007,,98106,47.5582,-122.363,1270,1282,315000.0,2014-11-20,2007.0,high-high,590.0,2.2457627118644066,low-low,True,223.40425531914894,215.9090909090909,-0.03412549076518511,20,2001.2692307692307,5.935231670452897,4.0,3.9,1.0,3.4
8562780200,2,2.25,1240,705,2.0,False,0.0,3,7,1150,90,2009,,98027,47.5321,-122.073,1240,750,352499.0,2015-04-27,2009.0,high-high,575.0,1.2260869565217392,low-low,True,284.2733870967742,251.24289480187824,-0.12351622617401488,28,2009.6666666666667,21.96167931496832,2.3,6.0,1.0,3.4
567000380,2,1.5,820,1270,2.0,False,0.0,3,7,820,0,2009,,98144,47.5925,-122.295,1130,1201,365000.0,2015-03-02,2009.0,high-high,410.0,3.097560975609756,low-low,True,445.1219512195122,302.63157894736844,-0.3858321376813741,36,1986.86,4.022675141433943,1.1,7.9,1.0,3.4
3630120380,2,2.0,1670,3507,1.0,False,0.0,3,9,1670,0,2007,,98029,47.5545,-122.003,2330,3889,539950.0,2015-02-05,2007.0,high-high,1670.0,2.1,low-low,True,323.32335329341316,271.42857142857144,-0.17495390015088635,19,2008.3,26.171496226205072,1.7,3.5,7.0,3.4
8562780180,2,2.25,1170,1011,2.0,False,0.0,3,7,1170,0,2009,,98027,47.5321,-122.073,1240,750,336750.0,2014-06-12,2009.0,high-high,585.0,1.7282051282051283,low-low,True,287.8205128205128,251.24289480187824,-0.1359168869029022,28,2009.6666666666667,21.96167931496832,2.2,6.0,1.0,3.3
9268850290,3,2.25,1620,1057,3.0,False,0.0,3,8,1540,80,2009,,98027,47.5396,-122.026,1390,942,450000.0,2015-03-06,2009.0,high-high,513.3333333333334,2.059090909090909,low-low,True,277.77777777777777,251.24289480187824,-0.10040125394216633,20,2009.3809523809523,24.967746511547862,2.6,3.9,4.0,3.3
6056111370,2,1.75,1270,1916,2.0,False,0.0,3,8,1270,0,2012,,98108,47.5648,-122.294,1140,1916,340000.0,2014-11-24,2012.0,high-high,635.0,3.017322834645669,low-low,True,267.7165354330709,208.30114396077846,-0.2509438769974222,26,1998.121212121212,6.163914989201734,1.4,5.3,4.0,3.3
7852130100,3,2.5,2340,4273,2.0,False,0.0,3,7,2340,0,2002,,98065,47.5362,-121.878,2400,4624,459950.0,2015-03-13,2002.0,high-high,1170.0,3.652136752136752,low-low,True,196.55982905982907,206.38030929611443,0.04875376980579544,15,2001.8108108108108,35.769388304700556,5.8,1.3,1.0,3.3
3629990020,3,2.25,1260,2556,2.0,False,0.0,3,7,1260,0,2005,,98029,47.5482,-121.998,1630,2844,449500.0,2014-10-02,2005.0,high-high,630.0,4.057142857142857,low-low,True,356.74603174603175,271.42857142857144,-0.27332511684906974,33,2005.2727272727273,26.70843822211705,1.3,7.2,1.0,3.3
6056100380,3,2.25,1970,2377,2.0,False,0.0,3,8,1680,290,2008,,98108,47.5631,-122.297,1690,1936,415000.0,2014-05-20,2008.0,high-high,840.0,2.829761904761905,low-low,True,210.65989847715736,208.30114396077846,-0.011260137338516165,15,2010.3333333333333,6.192049716167487,4.5,1.3,4.0,3.3
6373000187,3,2.25,1460,1353,2.0,False,0.0,3,8,1050,410,2012,,98116,47.5774,-122.412,1690,3776,497000.0,2014-09-18,2012.0,high-high,525.0,2.577142857142857,low-low,True,340.4109589041096,335.8507320453955,-0.013486778986280094,15,1986.8636363636363,6.347928374453709,4.5,1.3,4.0,3.3
9268851320,3,2.25,1620,997,2.5,False,0.0,3,8,1540,80,2012,,98027,47.5394,-122.027,1620,1068,450000.0,2014-12-10,2012.0,high-high,616.0,1.6185064935064934,low-low,True,277.77777777777777,251.24289480187824,-0.10040125394216633,20,2009.3809523809523,24.903506264838953,2.6,3.9,4.0,3.3
6056100370,3,2.25,2020,2750,2.0,False,0.0,3,8,1680,340,2008,,98108,47.5633,-122.297,1720,1546,430000.0,2014-11-24,2008.0,high-high,840.0,3.2738095238095237,low-low,True,212.87128712871288,208.30114396077846,-0.021702857132209787,15,2010.5,6.173447951166322,4.3,1.3,4.0,3.2
1773100541,3,2.25,1580,920,3.0,False,0.0,3,8,1580,0,2015,,98106,47.5578,-122.363,1250,1150,389950.0,2015-04-17,2015.0,high-high,526.6666666666666,1.7468354430379749,low-low,True,246.80379746835442,215.9090909090909,-0.1337362350672606,20,1998.5925925925926,5.9781587047570515,2.2,3.9,4.0,3.2
291310260,3,2.25,1410,1377,2.0,False,0.0,3,7,1290,120,2005,,98027,47.5342,-122.067,1445,1370,377500.0,2014-05-16,2005.0,high-high,645.0,2.1348837209302327,low-low,True,267.7304964539007,251.24289480187824,-0.06356068472109601,21,2005.4642857142858,22.28691601371741,3.3,4.3,1.0,3.2
9268851380,3,2.25,1620,998,2.5,False,0.0,3,8,1540,80,2012,,98027,47.5394,-122.027,1620,1068,461000.0,2015-04-03,2012.0,high-high,616.0,1.62012987012987,low-low,True,284.5679012345679,251.24289480187824,-0.12455171417444943,20,2009.3809523809523,24.903506264838953,2.3,3.9,4.0,3.2
9834201370,3,2.25,1400,1078,2.0,False,0.0,3,8,940,460,2009,,98144,47.5701,-122.288,1420,1230,430100.0,2015-04-17,2009.0,high-high,470.0,2.293617021276596,low-low,True,307.2142857142857,302.63157894736844,-0.015029348543521996,15,1966.030303030303,5.992542581685181,4.4,1.3,4.0,3.2
3869900162,2,1.75,1030,1066,2.0,False,0.0,3,7,765,265,2006,,98136,47.5394,-122.387,1030,1106,335000.0,2014-09-04,2006.0,high-high,382.5,2.7869281045751633,low-low,True,325.24271844660194,319.44444444444446,-0.017988353688290545,18,1972.5714285714287,8.508806753832694,4.3,3.1,1.0,3.2
7202330170,3,2.5,1650,3031,2.0,False,0.0,3,7,1650,0,2003,,98053,47.682,-122.034,1560,3070,438000.0,2014-07-17,2003.0,high-high,825.0,3.673939393939394,not significant,True,265.45454545454544,268.58698630136985,0.01173121034484576,16,2003.4117647058824,24.44788410818254,5.1,1.8,1.0,3.1
8682231190,2,2.0,1930,4500,1.0,False,0.0,3,8,1930,0,2003,,98053,47.7104,-122.031,1670,5200,542000.0,2014-10-21,2003.0,high-high,1930.0,2.33160621761658,low-low,True,280.82901554404145,268.58698630136985,-0.04457116571404941,16,2003.888888888889,25.856909081265087,3.7,1.8,4.0,3.1
2768301477,3,2.25,1280,1187,2.0,False,0.0,3,8,1080,200,2008,,98107,47.6651,-122.368,1280,1681,539000.0,2015-04-25,2008.0,high-high,540.0,2.198148148148148,low-low,True,421.09375,372.80056759545926,-0.1218118876471855,19,1971.7037037037037,6.456378914611283,2.4,3.5,4.0,3.1
3278613210,3,3.25,1710,2171,2.0,False,0.0,3,7,1400,310,2014,,98106,47.5434,-122.368,1380,1300,358990.0,2014-07-28,2014.0,high-high,700.0,3.1014285714285714,low-low,True,209.93567251461988,215.9090909090909,0.02805628123782587,15,2008.7777777777778,7.622018307492273,5.3,1.3,1.0,3.1
8682231170,2,2.0,1920,6045,1.0,False,0.0,3,8,1920,0,2003,,98053,47.7107,-122.031,1670,5200,554000.0,2015-04-29,2003.0,high-high,1920.0,3.1484375,low-low,True,288.5416666666667,268.58698630136985,-0.07166466789879115,17,2003.95,25.871312037396873,3.1,2.5,4.0,3.1
3869900150,2,1.75,1030,1106,2.0,False,0.0,3,7,765,265,2006,,98136,47.5397,-122.387,1030,1066,345000.0,2015-04-27,2006.0,high-high,382.5,2.891503267973856,low-low,True,334.9514563106796,319.44444444444446,-0.04740223889458379,19,1971.25,8.47816689175444,3.7,3.5,1.0,3.1
6056111350,3,2.25,1430,2343,2.0,False,0.0,3,8,1430,0,2012,,98108,47.5648,-122.294,1270,1916,439000.0,2015-05-12,2012.0,high-high,715.0,3.276923076923077,low-low,True,306.993006993007,208.30114396077846,-0.38784012866107037,26,1998.121212121212,6.163914989201734,1.1,5.3,4.0,3.1
8682260470,2,1.75,1440,4225,1.0,False,0.0,3,8,1440,0,2005,,98053,47.7143,-122.032,1680,6200,437000.0,2014-06-19,2005.0,high-high,1440.0,2.9340277777777777,low-low,True,303.47222222222223,268.58698630136985,-0.12211524869887835,18,2004.3636363636363,25.97987156954362,2.4,3.1,4.0,3.0
3629790160,3,2.5,1710,3469,2.0,False,0.0,3,8,1710,0,1999,,98029,47.546,-122.011,2120,3560,524250.0,2014-07-24,1999.0,high-high,855.0,4.057309941520468,low-low,True,306.57894736842104,271.42857142857144,-0.12177628316824227,18,2007.578947368421,25.833538099061695,2.4,3.1,4.0,3.0
7383450250,4,2.5,2090,3777,2.0,False,0.0,3,8,2090,0,2012,,98038,47.3595,-122.042,2160,3993,374950.0,2015-03-11,2012.0,high-high,1045.0,3.614354066985646,low-low,True,179.4019138755981,170.92592592592592,-0.04839833683805536,15,2000.764705882353,35.81729976176957,3.7,1.3,4.0,2.9
7852090180,3,3.5,2500,4270,2.0,False,0.0,3,8,2500,0,2000,,98065,47.536,-121.877,2420,4205,538500.0,2014-08-04,2000.0,high-high,1250.0,3.416,low-low,True,215.4,206.38030929611443,-0.042776136362936534,15,2001.7777777777778,35.84756768805249,3.8,1.3,4.0,2.9
2771602427,2,1.0,980,1179,2.0,False,0.0,3,8,980,0,2010,,98119,47.6381,-122.375,1190,1600,438000.0,2014-05-08,2010.0,high-high,490.0,2.406122448979592,low-low,True,446.9387755102041,416.6527777777778,-0.07016840995462964,16,1967.2631578947369,4.0019051997976245,3.2,1.8,4.0,2.9
7202330330,3,2.5,1650,3076,2.0,False,0.0,3,7,1650,0,2003,,98053,47.682,-122.035,1560,3064,447000.0,2014-08-14,2003.0,high-high,825.0,3.7284848484848485,low-low,True,270.90909090909093,268.58698630136985,-0.00860847389227706,16,2003.4117647058824,24.377149645460516,4.6,1.8,1.0,2.9
9268850040,3,2.25,1620,1425,3.0,False,0.0,3,8,1540,80,2009,,98027,47.5405,-122.026,1620,1237,484000.0,2015-03-27,2009.0,high-high,513.3333333333334,2.7759740259740258,low-low,True,298.7654320987654,251.24289480187824,-0.17323857789443262,20,2009.3809523809523,24.93649113880645,1.8,3.9,4.0,2.9
8682231110,2,2.0,1870,6275,1.0,False,0.0,3,8,1870,0,2003,,98053,47.7108,-122.031,1670,5200,579000.0,2014-06-09,2003.0,high-high,1870.0,3.355614973262032,low-low,True,309.62566844919786,268.58698630136985,-0.14218921389769737,18,2004.0,25.876120797750595,2.1,3.1,4.0,2.8
475000004,2,1.5,1130,746,2.0,False,0.0,3,8,1030,100,2009,,98107,47.6684,-122.363,1520,1519,536000.0,2014-07-07,2009.0,high-high,515.0,1.4485436893203882,low-low,True,474.3362831858407,372.80056759545926,-0.24087292301626698,20,1961.3243243243244,6.7106029020358005,1.4,3.9,4.0,2.8
9274201807,3,2.5,1590,1937,2.5,False,0.0,3,8,1590,0,2004,,98116,47.5903,-122.388,1620,2022,580000.0,2014-08-20,2004.0,high-high,636.0,3.0455974842767297,low-low,True,364.7798742138365,335.8507320453955,-0.08262727591822144,16,1973.142857142857,4.055373136628095,3.0,1.8,4.0,2.8
6056111430,2,1.75,1270,1685,2.0,False,0.0,3,8,1270,0,2012,,98108,47.5646,-122.295,1270,1843,335000.0,2015-01-13,2012.0,high-high,635.0,2.6535433070866143,low-low,True,263.7795275590551,208.30114396077846,-0.2361287912122815,20,1999.4814814814815,6.1383929176416805,1.5,3.9,4.0,2.8
8562770720,3,2.5,2140,3628,2.0,False,0.0,3,8,1960,180,2006,,98027,47.537,-122.074,2280,2812,589999.0,2015-04-23,2006.0,high-high,980.0,3.7020408163265306,low-low,True,275.70046728971965,251.24289480187824,-0.09289483337140819,16,2005.090909090909,21.682874246484506,2.8,1.8,4.0,2.7
9268851630,3,3.25,1540,1487,2.0,False,0.0,3,8,1540,0,2011,,98027,47.5397,-122.027,1620,1104,520000.0,2014-06-04,2011.0,high-high,770.0,1.931168831168831,low-low,True,337.6623376623377,251.24289480187824,-0.29562621557202895,20,2009.3809523809523,24.89299118550698,1.2,3.9,4.0,2.7
2424039029,3,2.25,1330,1198,2.0,False,0.0,3,8,1080,250,2007,,98106,47.555,-122.362,1260,1062,325000.0,2015-04-27,2007.0,high-high,540.0,2.2185185185185183,low-low,True,244.3609022556391,215.9090909090909,-0.12378879642570413,17,1987.3225806451612,6.261039072832485,2.3,2.5,4.0,2.7
8682231330,2,2.0,1560,4823,1.0,False,0.0,3,8,1560,0,2004,,98053,47.7111,-122.032,1855,4989,519000.0,2015-05-04,2004.0,high-high,1560.0,3.091666666666667,low-low,True,332.6923076923077,268.58698630136985,-0.2140432290956403,19,2004.0454545454545,25.823173601254023,1.5,3.5,4.0,2.7
8682260610,2,2.0,1870,5143,1.0,False,0.0,3,8,1870,0,2005,,98053,47.7142,-122.033,1810,5143,572000.0,2015-04-30,2005.0,high-high,1870.0,2.7502673796791446,low-low,True,305.88235294117646,268.58698630136985,-0.13002572770449997,17,2004.409090909091,25.907958407987728,2.2,2.5,4.0,2.7
8682231210,2,2.0,1870,5580,1.0,False,0.0,3,8,1870,0,2004,,98053,47.7101,-122.031,1670,4500,554000.0,2014-08-05,2004.0,high-high,1870.0,2.983957219251337,low-low,True,296.2566844919786,268.58698630136985,-0.0980514230719859,16,2003.8235294117646,25.84254115800965,2.7,1.8,4.0,2.7
7852030330,3,2.5,2270,4488,2.0,False,0.0,3,7,2270,0,1999,,98065,47.5329,-121.879,2360,4427,480000.0,2014-09-03,1999.0,high-high,1135.0,3.9541850220264316,low-low,True,211.45374449339207,206.38030929611443,-0.02428564404927353,16,2000.5925925925926,35.78321772621064,4.2,1.8,1.0,2.7
2771602425,2,1.0,980,1600,2.0,False,0.0,3,8,980,0,2010,,98119,47.638,-122.375,1180,1600,447000.0,2014-07-21,2010.0,high-high,490.0,3.2653061224489797,low-low,True,456.1224489795918,416.6527777777778,-0.0905080941917522,16,1964.2,3.99313800717116,2.8,1.8,4.0,2.7
7202330530,3,2.5,1690,3322,2.0,False,0.0,3,7,1690,0,2003,,98053,47.6824,-122.036,1650,3446,479000.0,2015-01-16,2003.0,high-high,845.0,3.931360946745562,low-low,True,283.43195266272187,268.58698630136985,-0.053797235667130495,17,2003.3030303030303,24.321104690955153,3.5,2.5,1.0,2.6
6056100383,3,1.75,1690,1468,2.0,False,0.0,3,8,1380,310,2008,,98108,47.563,-122.297,1690,1936,380000.0,2014-05-20,2008.0,high-high,690.0,2.127536231884058,low-low,True,224.85207100591717,208.30114396077846,-0.07645788364316439,15,2010.3333333333333,6.201359581387293,3.0,1.3,4.0,2.6
1498301168,2,2.5,1050,1609,2.0,False,0.0,3,7,1050,0,2005,,98144,47.5854,-122.313,1120,1693,325000.0,2014-05-28,2005.0,high-high,525.0,3.064761904761905,low-low,True,309.5238095238095,302.63157894736844,-0.02251886353534975,15,1990.35,3.4777674038741364,4.2,1.3,1.0,2.6
8080400177,2,1.75,1340,1368,2.0,False,0.0,3,7,1060,280,2006,,98122,47.618,-122.311,2480,1707,520000.0,2014-09-09,2006.0,high-high,530.0,2.581132075471698,low-low,True,388.05970149253733,356.65223144472515,-0.08439803222873081,18,1982.05,2.5142423686889983,2.9,3.1,1.0,2.6
8682261010,2,1.75,1510,4555,1.0,False,0.0,3,8,1510,0,2005,,98053,47.7136,-122.031,1640,4500,473000.0,2014-09-10,2005.0,high-high,1510.0,3.0165562913907285,low-low,True,313.2450331125828,268.58698630136985,-0.15381090485629753,17,2004.15,26.012335023953817,1.9,2.5,4.0,2.5
8682230550,2,2.0,1350,4225,1.0,False,0.0,3,8,1350,0,2003,,98053,47.7106,-122.03,1660,4225,428000.0,2014-09-16,2003.0,high-high,1350.0,3.1296296296296298,low-low,True,317.037037037037,268.58698630136985,-0.16584377032265604,17,2003.8333333333333,25.934008240279105,1.8,2.5,4.0,2.5
3319500628,3,1.5,1010,1546,2.0,False,0.0,3,8,1010,0,1971,2014.0,98144,47.5998,-122.311,1010,1517,356999.0,2015-02-12,2014.0,high-high,505.0,3.0613861386138614,low-low,True,353.46435643564354,302.63157894736844,-0.1552664951771439,17,1987.8947368421052,2.585220901012878,1.9,2.5,4.0,2.5
952006857,3,2.5,1070,1219,2.0,False,0.0,3,7,720,350,2004,,98116,47.5618,-122.384,1070,1254,370000.0,2015-01-22,2004.0,high-high,360.0,3.386111111111111,low-low,True,345.7943925233645,335.8507320453955,-0.029177545774351814,15,1986.4,6.180361777284987,4.1,1.3,1.0,2.5
3629870020,3,2.5,1870,3485,2.0,False,0.0,3,8,1870,0,2001,,98029,47.5493,-122.004,1940,3485,575000.0,2014-11-14,2001.0,high-high,935.0,3.727272727272727,low-low,True,307.4866310160428,271.42857142857144,-0.12473259383163669,16,2003.8333333333333,26.24181177572942,2.3,1.8,4.0,2.5
8682261650,2,2.0,1670,4996,1.0,False,0.0,3,8,1670,0,2004,,98053,47.7141,-122.031,1670,4996,554000.0,2014-07-10,2004.0,high-high,1670.0,2.991616766467066,low-low,True,331.7365269461078,268.58698630136985,-0.21116622750981762,17,2004.2,26.036975776971346,1.5,2.5,4.0,2.4
6371000148,2,1.5,1130,1340,2.0,False,0.0,3,8,910,220,2008,,98116,47.5761,-122.41,1310,1340,439108.0,2014-11-25,2008.0,high-high,455.0,2.9450549450549453,low-low,True,388.5911504424779,335.8507320453955,-0.14586095237184457,16,1978.1875,6.309403506796551,2.1,1.8,4.0,2.4
9528104109,3,2.5,1365,1090,3.0,False,0.0,3,7,1315,50,2003,,98115,47.6776,-122.324,1360,1124,530000.0,2014-10-27,2003.0,high-high,438.3333333333333,2.4866920152091256,low-low,True,388.27838827838826,336.8421052631579,-0.14210828772792164,19,1962.125,7.67226304471218,2.1,3.5,1.0,2.4
8682261190,2,1.75,1680,4500,1.0,False,0.0,3,8,1680,0,2004,,98053,47.7132,-122.032,1670,4500,550285.0,2015-01-12,2004.0,high-high,1680.0,2.6785714285714284,low-low,True,327.55059523809524,268.58698630136985,-0.19846769961089128,17,2004.15,25.925562638272883,1.6,2.5,4.0,2.4
8682261440,2,1.75,1560,4500,1.0,False,0.0,3,8,1560,0,2004,,98053,47.7128,-122.032,1860,4500,579000.0,2015-01-13,2004.0,high-high,1560.0,2.8846153846153846,low-low,True,371.15384615384613,268.58698630136985,-0.3234418235027469,18,2004.095238095238,25.905928890857844,1.2,3.1,4.0,2.4
8682261140,2,2.0,1690,4500,1.0,False,0.0,3,8,1690,0,2004,,98053,47.7133,-122.031,1640,4500,564000.0,2014-06-18,2004.0,high-high,1690.0,2.662721893491124,low-low,True,333.7278106508876,268.58698630136985,-0.21715088975427432,17,2004.15,25.9975964329906,1.5,2.5,4.0,2.3
8682261070,2,2.0,1680,6194,1.0,False,0.0,3,8,1680,0,2004,,98053,47.7136,-122.03,1900,5850,575000.0,2015-04-27,2004.0,high-high,1680.0,3.6869047619047617,low-low,True,342.26190476190476,268.58698630136985,-0.24240141457338024,17,2004.15,26.079454802829108,1.4,2.5,4.0,2.3
1604601572,2,2.25,860,696,2.0,False,0.0,3,9,860,0,2009,,98118,47.5663,-122.29,1100,3000,345000.0,2014-09-05,2009.0,high-high,430.0,1.6186046511627907,low-low,True,401.16279069767444,241.70212765957447,-0.5066612162008597,15,1982.7037037037037,6.214063976040514,1.0,1.3,7.0,2.3
7202330470,3,2.5,1650,3436,2.0,False,0.0,3,7,1650,0,2003,,98053,47.6819,-122.036,1680,3446,485000.0,2015-04-08,2003.0,high-high,825.0,4.164848484848485,low-low,True,293.93939393939394,268.58698630136985,-0.09019877021619141,17,2003.3714285714286,24.30278543966871,2.9,2.5,1.0,2.3
2771101921,2,1.5,1000,1251,2.0,False,0.0,3,7,930,70,2006,,98199,47.6529,-122.384,1420,1187,377000.0,2014-12-11,2006.0,high-high,465.0,2.6903225806451614,low-low,True,377.0,354.3046357615894,-0.06208809137883724,15,1989.857142857143,5.734609082348586,3.3,1.3,1.0,2.2
7202330280,3,2.25,1350,2839,2.0,False,0.0,3,7,1350,0,2003,,98053,47.6824,-122.036,1650,3093,401000.0,2014-09-22,2003.0,high-high,675.0,4.205925925925926,low-low,True,297.037037037037,268.58698630136985,-0.1006820020474285,17,2003.3030303030303,24.321104690955153,2.6,2.5,1.0,2.2
7202330370,3,2.25,1530,3056,2.0,False,0.0,3,7,1530,0,2003,,98053,47.6817,-122.035,1560,3064,448000.0,2015-02-10,2003.0,high-high,765.0,3.9947712418300654,low-low,True,292.81045751633985,268.58698630136985,-0.08635066420183847,16,2003.4117647058824,24.366231104439237,2.9,1.8,1.0,2.1
2902200237,2,2.25,1060,1209,2.0,False,0.0,3,8,940,120,2006,,98102,47.6369,-122.327,1300,1169,505000.0,2014-07-07,2006.0,high-high,470.0,2.572340425531915,low-low,True,476.41509433962267,406.3637714540456,-0.15904077390494675,15,1978.0625,3.231923247302533,1.8,1.3,4.0,2.1
8682261250,2,1.75,1660,5581,1.0,False,0.0,3,8,1660,0,2005,,98053,47.713,-122.033,1670,4871,545000.0,2014-12-11,2005.0,high-high,1660.0,3.362048192771084,low-low,True,328.31325301204816,268.58698630136985,-0.2007933594859895,16,2004.157894736842,25.84862636866916,1.6,1.8,4.0,2.1
8080400045,2,1.0,1040,3600,1.0,False,0.0,4,7,1040,0,1919,1980.0,98112,47.619,-122.311,2250,4800,600000.0,2014-06-20,1980.0,high-high,1040.0,3.4615384615384617,low-low,True,576.9230769230769,424.24242424242425,-0.30740389493194953,18,1980.2631578947369,2.5571315897275557,1.2,3.1,1.0,1.8
7625702277,2,2.0,1110,1095,3.0,False,0.0,3,7,980,130,2008,,98136,47.5494,-122.388,1110,1083,406000.0,2015-03-31,2008.0,high-high,326.6666666666667,3.3520408163265305,low-low,True,365.76576576576576,319.44444444444446,-0.13540976838225843,15,1963.1351351351352,7.533895661341379,2.2,1.3,1.0,1.6
2780900220,2,2.0,1420,5185,1.0,False,0.0,3,7,1420,0,2004,,98038,47.3543,-122.022,2140,4890,335000.0,2014-12-26,2004.0,high-high,1420.0,3.6514084507042255,low-low,True,235.91549295774647,170.92592592592592,-0.32224337927927355,17,2005.625,37.22239070929442,1.2,2.5,1.0,1.6
9528104360,2,1.5,901,1245,3.0,False,0.0,3,7,901,0,2001,,98115,47.6774,-122.325,1138,1137,435000.0,2014-09-12,2001.0,high-high,300.3333333333333,4.145394006659267,low-low,True,482.7968923418424,336.8421052631579,-0.3599817622811605,17,1966.625,7.637383393075054,1.1,2.5,1.0,1.6
